family_id,family_size
coco:1000:43:27,7
coco:1000:46:29,7
coco:1000:57:28,3
coco:100238:34:2552,7
coco:100274:47:2556,4
coco:100274:8:2555,128
coco:100274:90:2557,1
coco:100283:3:2558,32
coco:100283:53:2560,1
coco:100283:6:2559,23
coco:100428:1:2561,4
coco:100428:6:2562,4
coco:100489:16:2564,2
coco:100489:17:2565,2
coco:100489:21:2566,3
coco:100510:11:2568,1
coco:100510:19:2567,1
coco:100582:15:2571,4
coco:100582:17:2572,2
coco:100582:67:2570,4
coco:100624:23:2574,3
coco:100624:3:2573,25
coco:100624:84:2575,2
coco:100723:27:2576,60
coco:100723:67:2578,4
coco:100723:72:2577,4
coco:10092:62:303,18
coco:10092:63:305,10
coco:10092:85:304,6
coco:101022:41:2579,2
coco:101022:72:2580,2
coco:101068:1:2581,6
coco:101068:33:2582,2
coco:101068:46:2583,2
coco:101420:17:2584,1
coco:101420:52:2586,4
coco:101420:62:2585,6
coco:101762:17:2587,2
coco:101762:65:2589,3
coco:101762:70:2588,2
coco:101780:25:2590,25
coco:101780:82:2592,5
coco:101780:9:2591,8
coco:101787:15:2594,1
coco:101787:41:2595,1
coco:101787:5:2593,2
coco:101884:46:2597,2
coco:101884:8:2596,16
coco:102331:1:2599,3
coco:102331:37:2600,1
coco:102331:63:2601,3
coco:102356:1:2602,1
coco:102356:44:2603,9
coco:102356:72:2604,5
coco:102411:27:2607,22
coco:102411:31:2605,40
coco:102411:49:2606,1
coco:102644:17:2610,4
coco:102644:31:2609,9
coco:102644:70:2608,8
coco:102707:15:2612,5
coco:102707:47:2611,16
coco:102707:60:2613,6
coco:102805:28:2616,10
coco:102805:34:2614,4
coco:102805:75:2615,7
coco:102820:61:2617,1
coco:102820:81:2619,5
coco:102820:86:2618,5
coco:103548:16:2621,40
coco:103548:1:2620,2
coco:103548:6:2622,1
coco:103585:81:2623,6
coco:103585:82:2624,9
coco:10363:18:308,2
coco:10363:33:307,2
coco:10363:3:306,1
coco:103723:1:2626,53
coco:103723:2:2628,7
coco:103723:31:2627,24
coco:104119:15:2630,7
coco:104119:16:2629,17
coco:104119:86:2631,7
coco:104198:13:2632,2
coco:104198:52:2633,3
coco:104198:87:2634,1
coco:104424:1:2635,2
coco:104424:77:2636,2
coco:104424:7:2637,5
coco:104455:21:2640,9
coco:104455:24:2638,15
coco:104455:63:2639,1
coco:104572:81:2641,15
coco:104603:23:2644,5
coco:104603:79:2645,2
coco:104603:90:2646,1
coco:104612:51:2648,1
coco:104612:56:2647,183
coco:104612:72:2649,2
coco:104619:15:2651,18
coco:104619:25:2650,6
coco:104619:58:2652,1
coco:104666:35:2654,7
coco:104666:37:2655,7
coco:104666:84:2653,180
coco:104669:18:2658,2
coco:104669:55:2656,36
coco:104669:7:2657,2
coco:104782:13:2659,3
coco:104782:20:2660,2
coco:104782:64:2661,3
coco:104803:11:2663,5
coco:104803:25:2664,1
coco:104803:70:2662,3
coco:105014:32:2667,7
coco:105014:56:2665,18
coco:105014:5:2666,8
coco:105249:15:2670,5
coco:105249:70:2668,5
coco:105264:1:2671,22
coco:105264:35:2673,1
coco:105264:85:2672,1
coco:105335:41:2675,1
coco:105335:56:2674,19
coco:105335:74:2676,4
coco:105455:35:2679,1
coco:105455:3:2677,35
coco:105455:79:2678,1
coco:10583:15:310,3
coco:10583:49:309,9
coco:10583:90:311,1
coco:105912:11:2680,2
coco:105912:53:2682,1
coco:105912:86:2681,2
coco:105923:18:2685,5
coco:105923:22:2683,13
coco:105923:64:2684,8
coco:106048:37:2687,1
coco:106048:53:2688,1
coco:106048:6:2686,1
coco:106235:62:2689,18
coco:106235:8:2690,1
coco:106266:1:2693,28
coco:106266:38:2694,4
coco:106266:59:2692,22
coco:106281:37:2697,2
coco:106281:65:2696,4
coco:106281:7:2695,19
coco:106330:42:2699,5
coco:106330:79:2700,2
coco:106330:88:2698,2
coco:106389:79:2703,10
coco:106389:87:2701,11
coco:106563:37:2706,1
coco:106563:48:2705,1
coco:106563:85:2704,2
coco:106757:13:2709,5
coco:106757:1:2707,10
coco:106757:23:2708,2
coco:106881:16:2710,1
coco:106881:28:2711,8
coco:106881:7:2712,2
coco:106912:41:2713,5
coco:10707:27:312,9
coco:10707:3:313,31
coco:10707:53:314,6
coco:107087:24:2717,7
coco:107087:3:2716,2
coco:107087:73:2718,12
coco:107094:27:2719,11
coco:107094:47:2721,8
coco:107094:58:2720,9
coco:107226:2:2722,16
coco:107226:57:2723,4
coco:107339:64:2726,1
coco:107339:6:2727,8
coco:107339:84:2725,28
coco:107554:11:2730,5
coco:107554:42:2728,17
coco:107554:49:2729,9
coco:10764:23:317,2
coco:10764:40:315,2
coco:107851:22:2731,17
coco:107851:3:2732,5
coco:108026:20:2736,2
coco:108026:52:2735,2
coco:108026:74:2734,17
coco:108244:17:2737,4
coco:108244:70:2738,6
coco:108253:1:2740,8
coco:108253:87:2742,9
coco:108440:10:2744,15
coco:108440:51:2745,4
coco:108440:7:2743,1
coco:108495:39:2747,2
coco:108495:41:2746,5
coco:108495:79:2748,2
coco:108503:13:2751,13
coco:108503:42:2749,5
coco:108864:17:2753,2
coco:108864:22:2752,8
coco:108864:33:2754,2
coco:109055:2:2755,13
coco:109055:48:2757,2
coco:109055:60:2756,4
coco:109118:40:2758,15
coco:109118:4:2760,1
coco:109313:16:2763,35
coco:109313:47:2761,16
coco:109441:11:2764,2
coco:109441:13:2766,16
coco:109441:72:2765,5
coco:10977:10:320,4
coco:10977:38:319,1
coco:10977:81:318,13
coco:109798:2:2768,2
coco:109798:58:2769,6
coco:109798:67:2767,10
coco:109827:50:2771,1
coco:109827:87:2772,2
coco:109827:88:2770,1
coco:109900:1:2773,55
coco:109900:6:2775,10
coco:109916:18:2777,3
coco:109916:4:2778,1
coco:109916:61:2776,4
coco:10995:15:323,2
coco:10995:25:322,1
coco:10995:65:321,5
coco:109976:18:2780,4
coco:109976:57:2781,7
coco:109976:79:2779,10
coco:109992:1:2782,20
coco:109992:21:2783,3
coco:109992:88:2784,1
coco:110042:14:2787,2
coco:110042:17:2786,1
coco:110042:70:2785,6
coco:110211:1:2789,15
coco:110211:24:2788,24
coco:110211:49:2790,8
coco:110282:10:2791,3
coco:110282:36:2793,2
coco:110282:52:2792,2
coco:110359:35:2795,1
coco:110359:5:2794,1
coco:110359:75:2796,5
coco:110449:1:2797,2
coco:110449:20:2798,1
coco:110449:60:2799,2
coco:11051:17:325,1
coco:11051:1:324,3
coco:11051:80:326,1
coco:110638:22:2800,17
coco:110638:34:2801,5
coco:110638:39:2802,3
coco:110721:1:2803,23
coco:110721:41:2805,2
coco:110784:33:2808,9
coco:110784:78:2807,3
coco:110784:8:2806,6
coco:110884:46:2811,19
coco:110884:52:2810,1
coco:110884:70:2809,5
coco:110972:21:2814,1
coco:110972:23:2812,1
coco:110972:36:2813,2
coco:110999:53:2815,135
coco:110999:79:2816,3
coco:111036:53:2819,12
coco:111036:59:2820,6
coco:111036:79:2818,12
coco:111086:50:2822,3
coco:111086:5:2823,10
coco:111086:9:2821,111
coco:111179:57:2826,1
coco:111179:85:2824,10
coco:111179:8:2825,4
coco:111207:19:2828,2
coco:111207:1:2827,2
coco:11122:13:327,4
coco:11122:22:328,4
coco:11122:2:329,4
coco:11149:47:331,2
coco:11149:4:330,13
coco:11149:70:332,1
coco:111609:47:2831,4
coco:111609:73:2830,1
coco:111609:82:2832,4
coco:111951:46:2834,11
coco:111951:70:2833,20
coco:111951:88:2835,16
coco:11197:10:333,52
coco:11197:72:335,3
coco:11197:86:334,7
coco:112110:33:2836,2
coco:112110:55:2838,1
coco:112110:67:2837,15
coco:112298:40:2840,6
coco:112298:43:2839,17
coco:112298:78:2841,17
coco:112378:15:2842,30
coco:112378:35:2844,3
coco:112378:49:2843,5
coco:112626:11:2846,1
coco:112626:33:2845,7
coco:112626:49:2847,2
coco:112634:13:2850,5
coco:112634:25:2848,3
coco:112634:27:2849,2
coco:112798:28:2852,5
coco:112798:70:2853,3
coco:112798:73:2851,8
coco:112997:49:2856,5
coco:112997:50:2855,4
coco:112997:77:2854,5
coco:113051:23:2859,3
coco:113051:53:2858,11
coco:113051:9:2857,4
coco:113235:19:2860,6
coco:113235:50:2861,3
coco:113235:5:2862,3
coco:113354:24:2863,12
coco:113354:53:2865,12
coco:113354:76:2864,4
coco:113403:65:2866,2
coco:113403:7:2868,3
coco:113589:33:2870,3
coco:113589:47:2871,6
coco:113589:52:2869,8
coco:113720:24:2873,4
coco:113720:5:2874,1
coco:113720:62:2872,18
coco:113867:32:2877,2
coco:113867:64:2876,2
coco:113867:85:2875,1
coco:114049:33:2878,143
coco:114049:50:2880,1
coco:114770:31:2883,17
coco:114770:44:2882,18
coco:114770:5:2881,11
coco:114871:4:2885,1
coco:114871:52:2884,3
coco:114871:57:2886,7
coco:114884:33:2887,90
coco:114907:1:2890,142
coco:114907:24:2892,2
coco:114907:35:2891,1
coco:115118:44:2895,26
coco:115118:51:2894,1
coco:115118:7:2893,2
coco:11511:14:337,13
coco:11511:1:336,24
coco:11511:24:338,4
coco:115245:27:2896,71
coco:115245:55:2897,2
coco:115870:51:2901,4
coco:115870:64:2899,18
coco:115885:27:2904,4
coco:115885:65:2902,8
coco:115885:90:2903,5
coco:115898:11:2907,2
coco:115898:1:2905,1
coco:115898:73:2906,4
coco:115946:3:2908,31
coco:116068:28:2912,6
coco:116068:38:2911,5
coco:116068:6:2913,3
coco:11615:53:340,4
coco:11615:79:341,10
coco:11615:8:339,16
coco:116206:32:2916,4
coco:116206:47:2914,10
coco:116206:50:2915,12
coco:116208:17:2918,1
coco:116208:20:2919,1
coco:116208:59:2917,23
coco:116362:44:2922,16
coco:116362:67:2920,3
coco:116439:1:2923,8
coco:116439:8:2925,1
coco:116479:27:2927,1
coco:116479:63:2926,9
coco:116479:77:2928,4
coco:116589:24:2929,18
coco:116589:34:2931,3
coco:116589:7:2930,5
coco:116825:34:2934,2
coco:116825:41:2933,4
coco:116825:49:2932,9
coco:11699:27:344,19
coco:11699:33:342,6
coco:11699:75:343,11
coco:117197:1:2935,4
coco:117197:41:2936,6
coco:117197:65:2937,6
coco:117374:15:2940,5
coco:117374:16:2938,8
coco:117374:58:2939,3
coco:117425:56:2942,1
coco:117425:61:2941,3
coco:117425:62:2943,17
coco:117492:23:2946,8
coco:117492:31:2945,122
coco:117492:62:2944,155
coco:117525:1:2947,4
coco:117525:3:2949,5
coco:117525:59:2948,3
coco:11760:24:345,4
coco:117645:17:2952,4
coco:117645:36:2950,5
coco:117645:81:2951,6
coco:117719:47:2953,50
coco:117719:61:2954,4
coco:117719:70:2955,1
coco:117744:1:2956,1
coco:117744:27:2957,6
coco:117744:41:2958,7
coco:117908:1:2959,13
coco:117908:34:2960,2
coco:117908:73:2961,3
coco:117914:1:2963,12
coco:117914:81:2962,14
coco:117914:84:2964,6
coco:11813:4:349,4
coco:11813:62:348,21
coco:11813:63:350,11
coco:118209:19:2965,2
coco:118209:28:2966,3
coco:118209:53:2967,2
coco:118367:54:2968,1
coco:118367:65:2969,3
coco:118367:78:2970,4
coco:118405:43:2972,4
coco:118405:51:2971,12
coco:118405:81:2973,1
coco:118515:10:2976,6
coco:118515:17:2974,1
coco:118515:37:2975,2
coco:118594:21:2977,11
coco:118594:4:2978,1
coco:118594:51:2979,1
coco:118921:19:2982,2
coco:118921:1:2980,1
coco:118921:81:2981,2
coco:119038:21:2983,7
coco:119038:39:2984,3
coco:119038:60:2985,5
coco:119088:1:2986,14
coco:119088:24:2988,4
coco:119088:9:2987,23
coco:119233:77:2989,11
coco:119233:86:2990,14
coco:119233:90:2991,2
coco:12062:20:351,56
coco:12062:44:352,13
coco:12062:54:353,5
coco:12120:41:356,5
coco:12120:43:354,26
coco:12120:7:355,5
coco:12280:1:357,22
coco:12280:44:358,10
coco:12576:1:360,4
coco:12576:53:361,2
coco:12576:75:362,13
coco:12639:15:365,62
coco:12639:40:363,7
coco:12639:5:364,4
coco:12667:37:368,4
coco:12667:52:366,3
coco:12667:76:367,12
coco:12670:19:370,2
coco:12670:1:369,261
coco:1268:16:30,6
coco:1268:87:31,1
coco:12748:1:372,14
coco:12748:48:374,2
coco:12748:55:373,2
coco:1296:72:34,5
coco:1296:85:33,3
coco:1296:90:35,13
coco:13004:14:377,3
coco:13004:23:376,4
coco:13004:67:375,2
coco:13177:2:378,26
coco:13177:6:379,4
coco:13177:82:380,3
coco:13201:35:382,2
coco:13201:41:381,1
coco:13201:76:383,1
coco:13291:1:384,25
coco:13291:28:385,3
coco:13348:8:387,104
coco:1353:10:38,2
coco:1353:1:36,60
coco:1353:35:37,6
coco:13546:31:392,13
coco:13546:41:390,10
coco:13546:62:391,19
coco:13597:50:395,8
coco:13597:67:393,3
coco:13597:73:394,2
coco:13659:1:396,35
coco:13659:5:398,1
coco:13729:42:400,1
coco:13729:47:399,17
coco:13729:60:401,5
coco:13774:14:403,2
coco:13774:1:402,12
coco:13774:49:404,2
coco:13923:72:405,5
coco:13923:76:406,8
coco:139:37:1,1
coco:139:84:0,36
coco:14007:16:410,2
coco:14007:17:408,1
coco:14007:31:409,15
coco:14038:3:413,2
coco:14038:61:412,3
coco:14038:82:411,2
coco:14226:1:414,11
coco:14226:50:416,1
coco:14226:51:415,1
coco:1425:51:39,4
coco:1425:81:41,9
coco:1425:85:40,6
coco:14380:43:419,1
coco:14380:7:417,8
coco:14439:1:420,105
coco:14439:42:422,1
coco:14439:64:421,1
coco:14473:20:425,1
coco:14473:21:424,3
coco:14473:7:423,4
coco:14831:11:427,2
coco:14831:1:428,3
coco:14831:65:426,3
coco:14888:21:429,6
coco:14888:39:430,8
coco:14888:64:431,1
coco:1490:1:42,3
coco:1490:75:44,6
coco:1503:16:46,6
coco:1503:28:47,5
coco:1503:76:45,2
coco:15079:43:434,4
coco:15079:54:432,5
coco:15079:80:433,5
coco:15254:48:436,16
coco:15254:50:435,13
coco:15254:5:437,5
coco:15272:10:438,7
coco:15272:5:440,3
coco:15278:15:442,6
coco:15278:56:441,131
coco:15278:6:443,1
coco:1532:28:50,1
coco:1532:3:48,34
coco:1532:74:49,1
coco:15335:47:444,14
coco:15335:78:446,1
coco:15338:41:448,2
coco:15338:8:447,25
coco:15440:13:450,5
coco:15440:72:451,3
coco:15440:7:452,12
coco:15497:57:455,3
coco:15497:63:453,2
coco:15497:88:454,3
coco:15517:35:457,1
coco:15517:39:458,1
coco:15517:6:456,80
coco:15597:2:459,12
coco:15597:38:461,9
coco:15597:82:460,8
coco:15660:42:462,15
coco:15660:4:464,2
coco:15660:55:463,4
coco:15746:11:465,3
coco:15746:50:467,1
coco:15746:54:466,1
coco:15751:16:468,22
coco:15751:40:469,6
coco:15751:81:470,14
coco:1584:1:51,125
coco:1584:76:52,1
coco:1584:9:53,2
coco:15956:1:471,18
coco:15956:42:472,1
coco:15956:8:473,13
coco:16010:24:474,18
coco:16010:65:475,7
coco:16010:7:476,15
coco:16228:32:477,10
coco:16228:72:479,4
coco:16228:85:478,3
coco:16249:15:480,42
coco:16249:33:482,8
coco:16249:53:481,1
coco:16439:73:483,1
coco:16451:27:486,17
coco:16451:49:487,4
coco:16502:20:489,1
coco:16502:41:490,3
coco:16502:55:491,2
coco:16598:32:492,8
coco:16598:43:493,1
coco:16598:8:494,2
coco:1675:17:54,2
coco:1675:85:55,5
coco:1675:90:56,12
coco:16958:32:497,5
coco:16958:62:495,4
coco:17029:34:498,2
coco:17029:54:499,2
coco:17029:60:500,6
coco:17031:22:503,6
coco:17031:25:501,2
coco:17031:61:502,5
coco:17115:19:505,5
coco:17115:24:504,11
coco:17115:87:506,2
coco:17178:19:507,16
coco:17178:21:508,17
coco:17178:42:509,1
coco:17182:23:512,5
coco:17182:79:511,4
coco:17182:84:510,25
coco:17207:39:515,1
coco:17207:6:513,6
coco:17207:73:514,2
coco:17379:62:518,7
coco:17379:67:517,8
coco:17379:81:516,5
coco:17436:11:520,3
coco:17436:1:519,6
coco:1761:47:59,2
coco:1761:5:57,16
coco:1761:9:58,63
coco:17627:1:522,45
coco:17627:77:524,5
coco:17714:18:527,4
coco:17714:3:526,5
coco:17714:52:525,25
coco:17899:63:528,3
coco:17899:75:530,12
coco:17905:1:531,1
coco:17905:53:532,4
coco:17905:9:533,2
coco:17959:27:534,18
coco:17959:28:536,21
coco:17959:9:535,5
coco:18150:49:539,10
coco:18150:63:537,21
coco:1818:21:62,3
coco:1818:24:60,7
coco:1818:86:61,3
coco:18193:15:542,9
coco:18193:43:541,1
coco:18193:58:540,5
coco:18380:57:543,6
coco:18380:84:545,2
coco:18491:34:547,1
coco:18491:39:546,27
coco:18519:11:551,2
coco:18519:1:549,6
coco:18519:23:550,2
coco:18575:44:552,12
coco:18575:78:553,11
coco:18575:86:554,9
coco:18737:33:556,10
coco:18737:4:555,1
coco:18737:57:557,1
coco:18770:10:560,3
coco:18770:1:558,2
coco:18770:77:559,5
coco:18833:17:561,2
coco:18833:63:563,5
coco:18833:77:562,9
coco:18837:3:564,13
coco:18837:54:566,1
coco:18837:85:565,3
coco:19042:3:567,59
coco:19042:82:568,2
coco:19042:85:569,7
coco:19109:1:570,134
coco:19221:19:575,5
coco:19221:44:574,5
coco:19221:56:573,13
coco:19402:13:577,1
coco:19402:1:576,8
coco:19402:79:578,3
coco:19432:1:579,2
coco:19432:46:581,1
coco:19432:57:580,2
coco:19742:80:584,2
coco:19742:86:582,7
coco:19742:89:583,1
coco:19786:27:586,5
coco:19786:32:587,8
coco:19786:73:585,5
coco:19924:1:588,2
coco:19924:37:590,3
coco:19924:57:589,3
coco:1993:62:63,7
coco:1993:79:65,4
coco:20059:22:592,5
coco:20059:24:591,2
coco:20059:84:593,4
coco:2006:10:66,45
coco:2006:40:67,1
coco:2006:52:68,1
coco:20107:11:594,1
coco:20107:52:595,4
coco:20107:80:596,2
coco:20247:22:599,3
coco:20247:23:597,2
coco:20247:25:598,2
coco:20333:51:600,1
coco:20333:55:601,3
coco:20333:70:602,4
coco:20553:55:605,3
coco:20553:88:603,35
coco:20553:8:604,13
coco:20571:31:606,27
coco:20571:87:607,5
coco:20992:58:609,6
coco:20992:81:610,3
coco:20992:88:611,3
coco:21167:32:612,19
coco:21167:57:614,2
coco:21465:38:617,35
coco:21465:62:615,20
coco:21465:85:616,19
coco:2149:18:71,4
coco:2149:53:69,45
coco:2149:5:70,7
coco:21503:33:620,6
coco:21503:54:618,9
coco:21503:64:619,2
coco:2153:15:73,1
coco:2153:1:72,10
coco:2153:28:74,1
coco:2157:15:76,2
coco:2157:39:77,1
coco:2157:46:75,49
coco:21604:32:621,3
coco:21604:35:622,1
coco:21604:41:623,2
coco:21839:31:624,30
coco:21839:33:626,8
coco:21839:37:625,3
coco:21879:1:627,13
coco:21903:22:630,1
coco:21903:42:632,1
coco:21903:75:631,5
coco:22192:59:635,8
coco:22192:64:634,3
coco:22192:65:633,10
coco:22371:32:636,3
coco:22371:54:637,1
coco:22371:78:638,2
coco:22396:38:641,5
coco:22396:5:639,1
coco:22396:80:640,2
coco:22479:15:642,53
coco:22479:27:644,1
coco:22479:2:643,1
coco:22589:20:645,31
coco:22589:36:646,3
coco:22589:80:647,2
coco:2261:1:78,2
coco:2261:23:80,5
coco:22623:11:649,1
coco:22623:70:650,3
coco:22623:77:648,4
coco:22705:15:652,2
coco:22705:18:653,1
coco:22705:46:651,4
coco:22755:11:655,5
coco:22755:3:654,40
coco:22755:86:656,3
coco:22892:17:657,4
coco:22892:56:658,1
coco:22892:74:659,2
coco:22935:1:660,6
coco:22935:55:662,4
coco:22935:72:661,4
coco:22969:21:664,2
coco:22969:25:663,6
coco:22969:57:665,3
coco:2299:32:81,143
coco:23023:16:667,3
coco:23023:33:666,10
coco:23023:88:668,4
coco:23034:1:669,3
coco:23034:49:671,2
coco:23126:10:673,2
coco:23126:1:672,3
coco:23126:85:674,2
coco:23230:16:675,14
coco:23230:41:676,7
coco:23230:43:677,4
coco:23272:17:678,6
coco:23272:62:679,39
coco:23272:80:680,1
coco:23359:1:681,2
coco:23359:51:683,1
coco:23359:84:682,1
coco:23666:70:684,4
coco:23666:73:685,2
coco:23666:89:686,5
coco:23751:38:687,13
coco:23751:42:689,8
coco:23751:70:688,4
coco:23781:34:691,3
coco:23781:56:690,39
coco:23781:85:692,6
coco:23899:75:693,25
coco:23937:20:696,40
coco:23937:85:698,5
coco:24021:1:699,255
coco:24027:38:702,6
coco:24027:3:704,42
coco:24027:90:703,2
coco:24144:31:706,2
coco:24144:54:707,1
coco:24144:59:705,1
coco:24243:11:710,4
coco:24243:1:708,67
coco:24243:75:709,4
coco:2431:1:84,17
coco:2431:58:86,9
coco:2431:60:85,7
coco:24567:50:713,12
coco:24567:55:712,11
coco:24567:58:711,31
coco:24610:22:715,1
coco:24610:34:716,5
coco:24610:84:714,100
coco:2473:35:87,10
coco:2473:49:89,1
coco:2473:74:88,1
coco:24919:22:717,11
coco:24919:37:719,2
coco:24919:9:718,3
coco:25057:1:720,3
coco:25057:60:722,3
coco:25057:75:721,4
coco:25096:15:725,7
coco:25096:49:723,21
coco:25096:78:724,5
coco:25139:24:726,7
coco:25139:38:728,2
coco:25139:5:727,3
coco:25181:11:731,3
coco:25181:1:729,31
coco:25228:42:732,16
coco:25228:57:733,9
coco:25228:8:734,7
coco:2532:1:90,1
coco:2532:57:91,3
coco:2532:79:92,1
coco:25386:44:736,41
coco:25386:51:737,15
coco:25386:54:735,30
coco:25393:1:738,16
coco:25393:47:740,2
coco:25394:47:741,68
coco:25424:36:746,3
coco:25424:37:744,4
coco:25424:77:745,4
coco:25560:17:747,1
coco:25560:67:748,6
coco:25560:73:749,8
coco:25593:59:751,10
coco:25593:73:750,6
coco:25603:84:752,40
coco:2587:55:95,5
coco:2587:57:94,6
coco:2587:60:93,5
coco:2592:49:96,2
coco:2592:54:97,6
coco:2592:79:98,3
coco:25986:27:757,1
coco:25986:47:755,3
coco:25986:82:756,5
coco:26204:72:760,2
coco:26204:8:758,16
coco:26465:3:762,4
coco:26465:62:761,17
coco:26465:90:763,2
coco:26564:1:765,15
coco:26564:72:764,5
coco:26564:80:766,1
coco:26690:1:767,60
coco:26690:35:768,3
coco:26690:79:769,1
coco:2685:47:99,92
coco:26926:31:772,3
coco:26926:3:770,11
coco:26941:33:773,78
coco:26941:54:775,2
coco:26941:59:774,4
coco:27186:27:777,6
coco:27186:37:778,2
coco:27186:63:776,5
coco:27620:62:779,14
coco:27620:81:780,3
coco:27620:8:781,6
coco:27696:28:784,2
coco:27696:36:783,2
coco:27696:48:782,11
coco:27768:24:787,1
coco:27768:27:786,7
coco:27768:6:785,29
coco:27932:21:789,1
coco:27932:40:788,3
coco:27932:59:790,2
coco:27972:1:791,2
coco:27972:2:793,3
coco:27972:49:792,3
coco:27982:10:795,1
coco:27982:61:796,21
coco:27982:70:794,1
coco:28285:31:798,2
coco:28285:85:797,4
coco:28285:8:799,15
coco:28449:13:801,3
coco:28449:22:800,51
coco:28449:86:802,11
coco:28452:15:805,36
coco:28452:16:804,1
coco:28452:44:803,5
coco:285:23:3,1
coco:285:33:4,1
coco:285:78:5,2
coco:28809:10:808,5
coco:28809:52:806,40
coco:28809:72:807,4
coco:28993:1:809,44
coco:28993:46:810,2
coco:28993:8:811,36
coco:29187:10:813,1
coco:29187:1:812,5
coco:29187:76:814,1
coco:2923:35:103,4
coco:2923:8:104,52
coco:2923:9:102,69
coco:29393:18:815,1
coco:29393:82:817,9
coco:29393:86:816,5
coco:29397:1:818,4
coco:29397:43:819,9
coco:29397:8:820,4
coco:29596:1:822,2
coco:29596:57:823,1
coco:29596:63:821,3
coco:29640:11:826,1
coco:29640:51:825,2
coco:29640:57:824,125
coco:29675:58:827,6
coco:29675:70:828,5
coco:29675:87:829,1
coco:29984:1:830,8
coco:29984:41:832,2
coco:29984:84:831,2
coco:30213:53:833,24
coco:30213:54:835,2
coco:30213:75:834,6
coco:30494:27:837,2
coco:30494:34:836,7
coco:30494:82:838,5
coco:30504:27:839,5
coco:30504:87:840,1
coco:30675:13:843,1
coco:30675:25:844,2
coco:30675:7:842,1
coco:30785:52:847,5
coco:30785:59:846,7
coco:30785:67:845,3
coco:30828:14:848,12
coco:30828:2:849,3
coco:30828:88:850,5
coco:31050:23:853,9
coco:31050:80:852,10
coco:31050:86:851,20
coco:31093:41:854,21
coco:31093:47:855,4
coco:31093:79:856,1
coco:31118:38:858,7
coco:31118:85:857,4
coco:31217:43:860,3
coco:31217:70:862,2
coco:31217:79:861,1
coco:31248:63:863,6
coco:31248:74:864,1
coco:31269:24:866,4
coco:31269:65:867,6
coco:31269:67:868,5
coco:31296:51:871,39
coco:31296:56:870,5
coco:31296:77:869,27
coco:31322:74:873,2
coco:31322:85:874,9
coco:31322:9:872,85
coco:3156:37:106,1
coco:3156:70:105,11
coco:31620:61:875,26
coco:31735:18:880,1
coco:31735:49:879,1
coco:31735:64:878,13
coco:31749:49:883,22
coco:31749:85:881,15
coco:31749:9:882,5
coco:31817:44:885,31
coco:31817:4:884,21
coco:32038:17:888,1
coco:32038:59:887,2
coco:32038:64:889,6
coco:32081:18:892,2
coco:32081:43:890,2
coco:32081:85:891,2
coco:32285:23:894,4
coco:32285:65:895,23
coco:32285:70:893,2
coco:32334:46:896,7
coco:32334:79:897,3
coco:3255:35:108,25
coco:3255:3:109,3
coco:32570:13:901,2
coco:32570:42:899,5
coco:32570:58:900,3
coco:32610:27:902,4
coco:32610:55:903,5
coco:32735:35:905,18
coco:32735:57:906,1
coco:32811:16:908,2
coco:32811:36:909,2
coco:32811:81:910,5
coco:32817:15:912,14
coco:32817:1:911,9
coco:32861:1:914,9
coco:32861:44:915,9
coco:32861:64:916,7
coco:32887:27:917,6
coco:32887:75:918,7
coco:32901:62:920,45
coco:32901:73:921,2
coco:32941:10:923,29
coco:32941:41:924,4
coco:32941:60:925,1
coco:33005:15:928,69
coco:33005:1:926,17
coco:33005:2:927,9
coco:33104:35:929,123
coco:33104:62:930,47
coco:33109:3:932,27
coco:33109:70:934,1
coco:33114:14:935,30
coco:33114:18:936,3
coco:33114:63:937,2
coco:33221:22:940,8
coco:33221:42:939,2
coco:33221:43:938,1
coco:33368:1:941,1
coco:33368:36:943,2
coco:33368:41:942,3
coco:33638:1:944,3
coco:33638:46:946,11
coco:33638:4:945,1
coco:33707:25:947,3
coco:33707:3:949,1
coco:33707:81:948,2
coco:33759:10:951,10
coco:33759:3:950,45
coco:33759:63:952,6
coco:33854:10:955,3
coco:33854:4:953,44
coco:33854:52:954,1
coco:34071:11:957,6
coco:34071:14:956,12
coco:34071:58:958,7
coco:34139:1:959,4
coco:34139:22:960,3
coco:34139:49:961,3
coco:34205:51:963,7
coco:34205:56:962,54
coco:34205:6:964,2
coco:34257:44:966,13
coco:34257:55:967,23
coco:34257:57:965,103
coco:34417:1:968,137
coco:34417:52:969,70
coco:34417:53:970,45
coco:34452:1:971,1
coco:34452:2:972,1
coco:34452:90:973,2
coco:34760:70:974,6
coco:34873:25:978,3
coco:34873:72:977,3
coco:3501:11:112,2
coco:3501:35:113,2
coco:3501:51:111,1
coco:35062:1:980,13
coco:35062:20:981,1
coco:35062:60:982,4
coco:35197:1:983,8
coco:35197:33:985,2
coco:35197:61:984,1
coco:35279:1:986,87
coco:35279:24:987,2
coco:35279:90:988,11
coco:35326:49:989,41
coco:35326:52:991,14
coco:35326:88:990,4
coco:3553:14:116,1
coco:3553:1:114,2
coco:3553:90:115,1
coco:35682:65:994,6
coco:35682:67:992,10
coco:35682:78:993,31
coco:35770:24:997,6
coco:35770:81:995,20
coco:35770:89:996,9
coco:35963:19:999,7
coco:35963:88:998,11
coco:35963:8:1000,26
coco:36494:1:1001,234
coco:36539:36:1004,19
coco:3661:32:118,9
coco:3661:47:117,6
coco:3661:88:119,4
coco:36660:50:1008,6
coco:36660:77:1007,6
coco:36660:79:1009,7
coco:36678:1:1011,43
coco:36678:78:1012,1
coco:36678:85:1010,11
coco:36844:82:1013,5
coco:36844:85:1014,10
coco:36844:88:1015,13
coco:36861:14:1016,16
coco:36861:37:1018,6
coco:36861:46:1017,6
coco:36936:67:1021,10
coco:36936:72:1019,3
coco:37670:60:1023,14
coco:37670:75:1022,10
coco:37670:81:1024,16
coco:37689:1:1025,127
coco:37689:74:1027,4
coco:37689:84:1026,4
coco:37740:64:1028,11
coco:37751:27:1031,12
coco:37751:7:1033,10
coco:37777:62:1034,7
coco:37777:70:1036,3
coco:37988:43:1037,1
coco:37988:84:1038,3
coco:38048:3:1040,29
coco:38048:67:1041,7
coco:38048:77:1042,4
coco:38070:54:1045,1
coco:38070:63:1044,3
coco:38070:70:1043,3
coco:38118:31:1048,19
coco:38118:35:1046,12
coco:38118:7:1047,6
coco:38210:35:1049,11
coco:38210:41:1050,3
coco:38210:82:1051,4
coco:3845:47:120,1
coco:3845:59:121,2
coco:38576:24:1053,3
coco:38576:76:1052,6
coco:38576:79:1054,4
coco:38678:37:1057,2
coco:38678:47:1055,6
coco:38825:21:1060,5
coco:38825:24:1058,8
coco:38825:85:1059,5
coco:38829:1:1061,40
coco:38829:75:1062,3
coco:3934:19:125,1
coco:3934:46:123,28
coco:39405:43:1064,1
coco:39477:1:1068,13
coco:39477:5:1069,3
coco:39477:84:1067,38
coco:39480:43:1070,3
coco:39480:72:1071,6
coco:39480:75:1072,2
coco:39484:46:1074,4
coco:39484:62:1073,63
coco:39484:63:1075,8
coco:39551:37:1076,8
coco:39551:62:1078,6
coco:39551:70:1077,2
coco:39670:49:1081,2
coco:39670:74:1080,2
coco:39670:7:1079,1
coco:39769:19:1084,3
coco:39769:38:1083,3
coco:39769:63:1082,1
coco:39785:15:1085,15
coco:39785:81:1086,2
coco:39914:1:1088,50
coco:39914:33:1090,1
coco:39914:7:1089,7
coco:39951:1:1091,13
coco:39956:62:1094,11
coco:39956:74:1096,3
coco:39956:77:1095,10
coco:40036:13:1098,1
coco:40036:64:1097,3
coco:40036:84:1099,4
coco:40083:3:1100,28
coco:40083:61:1101,12
coco:40083:8:1102,34
coco:40471:17:1104,2
coco:40471:50:1103,44
coco:40471:87:1105,15
coco:40757:1:1106,5
coco:40757:3:1108,7
coco:40757:86:1107,11
coco:4134:31:128,32
coco:4134:62:126,106
coco:41488:23:1109,9
coco:41488:64:1110,4
coco:41633:34:1113,2
coco:41633:3:1111,29
coco:41635:18:1116,29
coco:41635:21:1114,62
coco:41635:34:1115,6
coco:41872:34:1118,1
coco:41872:65:1117,8
coco:41888:16:1120,12
coco:41888:19:1121,4
coco:41888:82:1122,3
coco:41990:35:1123,56
coco:42070:1:1126,52
coco:42070:23:1127,1
coco:42070:2:1128,4
coco:42102:15:1130,4
coco:42102:28:1131,15
coco:42102:31:1129,2
coco:42178:61:1133,35
coco:42178:7:1132,71
coco:42276:64:1135,7
coco:42276:78:1136,11
coco:42276:82:1137,7
coco:42296:23:1138,6
coco:42296:31:1140,9
coco:42296:87:1139,2
coco:42528:1:1141,16
coco:42528:35:1142,2
coco:42528:48:1143,2
coco:42563:7:1144,6
coco:42563:87:1146,1
coco:42563:8:1145,6
coco:42628:31:1147,23
coco:42628:84:1149,9
coco:42888:48:1151,1
coco:42888:79:1150,2
coco:42889:16:1154,5
coco:42889:38:1153,6
coco:42889:76:1152,2
coco:43314:1:1155,5
coco:43314:2:1156,4
coco:43314:3:1157,3
coco:43435:42:1158,22
coco:43435:67:1159,3
coco:43581:35:1162,1
coco:43581:48:1161,19
coco:43581:70:1163,2
coco:43737:38:1166,3
coco:43737:7:1165,16
coco:43737:85:1164,3
coco:43816:22:1169,1
coco:43816:37:1167,6
coco:43816:72:1168,3
coco:4395:1:129,4
coco:4395:48:130,3
coco:4395:51:131,2
coco:44068:23:1172,2
coco:44068:84:1171,7
coco:44068:88:1170,2
coco:44195:36:1173,8
coco:44195:37:1174,8
coco:44260:42:1178,6
coco:44260:53:1176,54
coco:44260:72:1177,8
coco:44279:1:1179,2
coco:44279:61:1180,42
coco:44279:85:1181,5
coco:44590:13:1183,1
coco:44590:3:1182,15
coco:44590:9:1184,25
coco:44652:24:1186,2
coco:44652:34:1187,1
coco:44652:5:1185,1
coco:44699:20:1188,14
coco:44699:21:1189,11
coco:44699:5:1190,4
coco:44877:28:1193,6
coco:44877:43:1191,5
coco:44877:73:1192,4
coco:4495:32:133,15
coco:4495:51:134,4
coco:4495:63:132,5
coco:45070:10:1196,2
coco:45070:19:1194,16
coco:45070:73:1195,4
coco:45090:1:1197,9
coco:45090:27:1198,5
coco:45229:53:1201,15
coco:45229:80:1202,25
coco:45229:84:1200,77
coco:45472:28:1205,8
coco:45472:55:1203,17
coco:45472:90:1204,28
coco:45550:48:1207,4
coco:45550:54:1206,3
coco:45596:3:1209,30
coco:45596:58:1210,1
coco:45596:63:1211,4
coco:45728:17:1213,4
coco:45728:38:1214,1
coco:45728:48:1212,11
coco:46031:60:1216,9
coco:46031:73:1215,5
coco:46031:78:1217,6
coco:46048:62:1219,8
coco:46048:65:1218,7
coco:46048:89:1220,1
coco:46252:17:1222,1
coco:46252:40:1221,6
coco:46378:17:1224,6
coco:46378:44:1226,13
coco:46378:86:1225,11
coco:46463:15:1228,5
coco:46463:54:1227,2
coco:46463:86:1229,5
coco:46497:13:1232,2
coco:46497:9:1230,7
coco:46804:20:1233,1
coco:46804:32:1234,1
coco:46804:84:1235,1
coco:46872:77:1237,5
coco:46872:87:1238,6
coco:46872:8:1236,35
coco:47010:21:1239,8
coco:47010:48:1240,5
coco:47010:74:1241,5
coco:47112:25:1244,1
coco:47112:32:1243,2
coco:47112:67:1242,17
coco:47121:17:1245,1
coco:47121:37:1247,1
coco:47121:70:1246,4
coco:47571:1:1248,16
coco:47571:52:1250,5
coco:47585:10:1253,2
coco:47585:32:1251,3
coco:47585:9:1252,2
coco:4765:22:137,1
coco:4765:42:135,14
coco:4765:57:136,4
coco:47740:38:1254,11
coco:47740:64:1255,1
coco:47769:19:1259,2
coco:47769:63:1257,4
coco:47801:19:1261,4
coco:47801:61:1260,3
coco:47801:87:1262,6
coco:47819:15:1265,4
coco:47819:19:1263,4
coco:47819:42:1264,3
coco:47828:1:1266,52
coco:4795:73:138,3
coco:4795:9:139,2
coco:48153:1:1269,4
coco:48153:3:1270,4
coco:48153:90:1271,1
coco:48396:1:1272,7
coco:48396:37:1273,1
coco:48396:78:1274,7
coco:48504:1:1275,27
coco:48504:32:1277,1
coco:48504:59:1276,2
coco:48555:1:1278,27
coco:48555:60:1279,7
coco:48555:73:1280,2
coco:48564:56:1282,1
coco:48564:77:1281,4
coco:48564:7:1283,7
coco:48924:4:1284,1
coco:48924:57:1285,2
coco:48924:59:1286,2
coco:49060:18:1288,4
coco:49060:67:1289,5
coco:49060:7:1287,2
coco:49091:58:1291,11
coco:49259:1:1292,3
coco:49259:28:1294,9
coco:49259:8:1293,6
coco:49269:18:1295,3
coco:49269:44:1297,2
coco:49269:58:1296,3
coco:49759:37:1298,9
coco:49759:39:1300,1
coco:49759:60:1299,1
coco:49761:24:1301,22
coco:49761:70:1302,3
coco:49810:17:1304,2
coco:49810:55:1305,3
coco:49810:8:1306,3
coco:50006:28:1307,49
coco:5001:16:143,4
coco:5001:1:141,103
coco:5001:58:142,2
coco:50145:21:1312,1
coco:50145:27:1310,9
coco:50145:85:1311,3
coco:50149:33:1315,7
coco:50149:51:1313,16
coco:50149:81:1314,16
coco:50165:74:1318,3
coco:50165:76:1317,3
coco:50165:7:1316,5
coco:50326:25:1320,2
coco:50326:62:1319,8
coco:50326:65:1321,6
coco:50331:11:1323,5
coco:50331:54:1324,12
coco:50331:56:1322,25
coco:5037:19:145,1
coco:5037:1:144,55
coco:5037:32:146,2
coco:50380:19:1325,5
coco:50380:33:1327,1
coco:50380:87:1326,1
coco:5060:10:149,2
coco:5060:19:148,3
coco:5060:77:147,3
coco:50638:2:1330,2
coco:50638:59:1329,2
coco:50638:88:1328,4
coco:50679:11:1333,1
coco:50679:55:1331,3
coco:50679:90:1332,1
coco:50811:51:1334,1
coco:50811:88:1335,2
coco:50828:15:1338,6
coco:50828:75:1337,18
coco:50844:37:1342,11
coco:50844:65:1341,5
coco:50844:88:1340,6
coco:50896:14:1344,1
coco:50896:67:1343,1
coco:50896:73:1345,7
coco:50943:42:1346,3
coco:51008:17:1349,1
coco:51008:22:1351,1
coco:51008:82:1350,3
coco:51309:19:1352,37
coco:51309:23:1354,5
coco:51309:70:1353,2
coco:51314:14:1357,2
coco:51314:42:1355,3
coco:51314:62:1356,3
coco:51326:58:1360,7
coco:51326:7:1359,6
coco:51326:86:1358,23
coco:51598:17:1362,5
coco:51598:32:1363,3
coco:51598:44:1361,12
coco:51610:1:1364,23
coco:51610:60:1365,8
coco:51610:85:1366,2
coco:51712:27:1369,8
coco:51712:35:1367,8
coco:51738:33:1370,6
coco:51738:52:1372,1
coco:51938:16:1375,1
coco:51938:35:1373,83
coco:51938:60:1374,2
coco:5193:23:152,1
coco:5193:42:150,27
coco:5193:58:151,1
coco:51961:14:1376,4
coco:51961:22:1377,8
coco:51961:88:1378,6
coco:51976:1:1379,1
coco:51976:24:1381,4
coco:51976:8:1380,6
coco:52007:1:1382,57
coco:52007:22:1383,1
coco:52017:5:1385,3
coco:52017:70:1387,1
coco:52017:80:1386,1
coco:52412:22:1390,1
coco:52412:36:1389,5
coco:52412:8:1388,300
coco:52413:1:1391,33
coco:52413:38:1393,3
coco:52413:86:1392,10
coco:52462:24:1394,3
coco:52462:65:1396,3
coco:52462:78:1395,3
coco:52507:24:1398,3
coco:52507:27:1399,3
coco:52507:42:1397,2
coco:52565:21:1400,1
coco:52565:62:1401,2
coco:52565:81:1402,3
coco:52591:1:1403,1
coco:52591:27:1404,7
coco:52591:82:1405,4
coco:52891:34:1406,2
coco:52891:85:1408,4
coco:52891:86:1407,5
coco:52996:33:1410,1
coco:52996:67:1409,22
coco:52996:74:1411,2
coco:53505:70:1412,3
coco:53505:78:1414,11
coco:53505:80:1413,3
coco:53529:1:1415,25
coco:53529:37:1417,6
coco:53529:86:1416,17
coco:53624:22:1418,5
coco:53624:38:1420,3
coco:53626:1:1421,7
coco:53626:32:1422,1
coco:53626:8:1423,1
coco:53909:1:1424,6
coco:53909:3:1425,4
coco:53909:49:1426,2
coco:53994:13:1429,13
coco:53994:24:1428,3
coco:53994:3:1427,14
coco:54123:24:1430,17
coco:54123:31:1431,1
coco:54123:78:1432,6
coco:54164:1:1433,1
coco:54164:20:1435,1
coco:54164:41:1434,5
coco:54592:35:1436,23
coco:54592:89:1437,1
coco:54593:13:1440,6
coco:54593:44:1439,35
coco:54593:75:1441,2
coco:54605:44:1443,11
coco:54605:67:1442,14
coco:54605:72:1444,4
coco:54628:5:1447,3
coco:54628:67:1445,36
coco:54628:80:1446,1
coco:54654:39:1449,1
coco:54654:79:1448,13
coco:5477:11:154,1
coco:5477:40:155,1
coco:5477:5:153,25
coco:54931:19:1451,3
coco:54931:43:1453,1
coco:54931:70:1452,1
coco:54967:3:1454,55
coco:55002:1:1457,4
coco:55002:32:1458,2
coco:55002:52:1459,2
coco:55022:1:1460,10
coco:55022:75:1462,5
coco:55022:87:1461,2
coco:5503:44:157,15
coco:5503:53:158,2
coco:5503:70:156,4
coco:55072:25:1463,1
coco:55072:27:1464,1
coco:55072:73:1465,2
coco:55150:24:1467,2
coco:55150:33:1466,54
coco:55167:32:1470,1
coco:55167:62:1471,20
coco:55167:8:1469,20
coco:55299:28:1472,28
coco:55299:76:1474,2
coco:55299:82:1473,5
coco:5529:1:159,1
coco:55528:90:1475,17
coco:5586:43:162,5
coco:55950:2:1479,2
coco:55950:43:1478,3
coco:55950:46:1480,1
coco:5600:50:165,21
coco:5600:54:166,7
coco:56127:17:1483,1
coco:56127:46:1482,16
coco:56127:47:1481,74
coco:56288:63:1485,3
coco:56288:72:1484,3
coco:56288:85:1486,6
coco:56344:1:1489,27
coco:56344:38:1488,1
coco:56344:74:1487,2
coco:56350:1:1490,118
coco:56350:6:1492,2
coco:56350:9:1491,6
coco:56545:16:1493,1
coco:56545:39:1495,1
coco:56545:79:1494,2
coco:57027:22:1496,30
coco:57027:70:1497,4
coco:57027:74:1498,4
coco:57149:58:1500,2
coco:57149:7:1499,5
coco:57149:81:1501,3
coco:57150:1:1502,222
coco:57150:3:1503,75
coco:57150:87:1504,6
coco:57232:60:1507,7
coco:57232:86:1505,18
coco:57232:89:1506,2
coco:57238:31:1510,6
coco:57238:34:1509,1
coco:57238:62:1508,10
coco:57244:34:1513,9
coco:57244:62:1512,26
coco:57244:7:1511,2
coco:57597:27:1514,15
coco:57672:3:1517,34
coco:57725:34:1521,2
coco:57725:85:1520,5
coco:57760:18:1523,23
coco:57760:74:1524,1
coco:58029:38:1527,1
coco:58029:57:1528,4
coco:58029:70:1526,2
coco:58111:55:1531,2
coco:58111:84:1529,73
coco:58350:25:1533,5
coco:58350:43:1534,2
coco:58350:49:1532,11
coco:58384:22:1535,14
coco:58384:37:1536,3
coco:58384:51:1537,1
coco:58393:1:1538,15
coco:58393:21:1540,1
coco:58393:7:1539,3
coco:58539:13:1543,3
coco:58539:32:1541,3
coco:58636:74:1544,3
coco:58636:80:1545,1
coco:58655:36:1548,3
coco:58655:64:1547,14
coco:58655:85:1546,7
coco:58705:32:1549,3
coco:58705:63:1550,4
coco:58705:6:1551,1
coco:59044:15:1553,1
coco:59044:61:1554,2
coco:59044:75:1552,21
coco:59386:14:1556,1
coco:59386:3:1555,4
coco:59386:73:1557,4
coco:59598:24:1559,2
coco:59598:74:1558,4
coco:59598:84:1560,20
coco:59635:2:1561,59
coco:59635:34:1562,7
coco:59635:38:1563,17
coco:59920:50:1566,9
coco:59920:70:1564,8
coco:59920:85:1565,20
coco:5992:20:168,25
coco:5992:53:170,3
coco:5992:89:169,4
coco:60052:1:1567,4
coco:60052:21:1569,1
coco:60052:52:1568,4
coco:60090:55:1571,1
coco:60090:7:1570,5
coco:60090:84:1572,2
coco:60102:17:1574,2
coco:60102:1:1573,6
coco:60102:20:1575,4
coco:6012:52:171,13
coco:6012:86:172,9
coco:6012:88:173,5
coco:60347:1:1576,1
coco:60347:31:1577,3
coco:60363:18:1581,3
coco:60363:81:1580,5
coco:60363:85:1579,4
coco:6040:1:174,93
coco:6040:57:176,1
coco:6040:60:175,1
coco:60449:38:1584,1
coco:60449:3:1583,6
coco:60449:62:1582,12
coco:60507:77:1585,21
coco:60770:24:1588,5
coco:60770:61:1590,1
coco:60770:7:1589,7
coco:60823:1:1591,35
coco:60823:25:1592,5
coco:60823:70:1593,2
coco:60835:11:1595,2
coco:60835:18:1594,6
coco:60835:48:1596,6
coco:60855:53:1597,9
coco:60855:79:1599,8
coco:60855:84:1598,8
coco:60886:15:1602,41
coco:60886:40:1600,45
coco:60899:65:1605,18
coco:60899:70:1604,9
coco:60899:84:1603,16
coco:60932:32:1606,35
coco:60932:73:1608,4
coco:61108:24:1610,4
coco:61108:3:1609,37
coco:61108:87:1611,2
coco:61171:21:1612,31
coco:61171:74:1614,7
coco:61171:84:1613,8
coco:61268:31:1615,11
coco:61268:54:1617,1
coco:61268:61:1616,5
coco:61333:17:1618,1
coco:61333:19:1620,2
coco:61333:36:1619,2
coco:61418:9:1621,62
coco:61471:44:1624,4
coco:61471:78:1625,2
coco:61584:16:1628,11
coco:61584:19:1627,10
coco:61584:25:1629,4
coco:61658:51:1631,5
coco:61658:56:1630,180
coco:61658:84:1632,5
coco:61747:35:1633,6
coco:61747:57:1634,2
coco:61747:64:1635,2
coco:61960:11:1638,1
coco:61960:65:1636,6
coco:62025:55:1641,3
coco:62025:70:1639,4
coco:62025:89:1640,8
coco:6213:64:178,2
coco:6213:81:177,11
coco:62353:24:1643,21
coco:62353:25:1642,33
coco:62353:77:1644,9
coco:62355:1:1645,8
coco:62355:60:1647,2
coco:62355:77:1646,1
coco:62554:51:1648,13
coco:62554:60:1649,5
coco:62554:63:1650,4
coco:62692:11:1653,1
coco:62692:43:1651,6
coco:62808:38:1655,1
coco:62808:49:1654,12
coco:62808:60:1656,5
coco:63047:1:1657,18
coco:63047:2:1659,4
coco:63047:31:1658,32
coco:63154:1:1660,4
coco:632:52:8,18
coco:632:64:6,10
coco:63552:17:1663,3
coco:63552:5:1665,2
coco:63552:6:1664,1
coco:63602:17:1667,1
coco:63602:47:1666,1
coco:63602:76:1668,17
coco:63740:37:1670,2
coco:63740:3:1671,13
coco:63740:76:1669,4
coco:63965:13:1674,6
coco:63965:50:1672,10
coco:63965:77:1673,9
coco:64084:32:1676,4
coco:64084:34:1677,5
coco:64084:67:1675,3
coco:64359:25:1678,12
coco:64359:33:1680,3
coco:64359:43:1679,6
coco:64462:35:1681,14
coco:64462:57:1682,1
coco:64495:14:1684,8
coco:64495:28:1686,9
coco:64495:3:1685,9
coco:64499:24:1687,9
coco:64499:43:1688,3
coco:64499:85:1689,6
coco:64523:43:1690,12
coco:64523:82:1691,4
coco:64523:85:1692,3
coco:64574:77:1694,9
coco:64574:89:1693,7
coco:6460:1:180,5
coco:6460:49:181,4
coco:6460:81:182,5
coco:64718:28:1696,4
coco:64718:43:1695,8
coco:6471:28:184,2
coco:6471:39:183,4
coco:64868:44:1698,13
coco:64898:13:1703,2
coco:64898:28:1702,7
coco:64898:42:1701,5
coco:65074:21:1706,1
coco:65074:58:1705,1
coco:65074:84:1704,3
coco:65288:16:1707,16
coco:65288:82:1709,5
coco:65350:41:1710,15
coco:65350:60:1712,1
coco:65455:25:1713,29
coco:65455:2:1715,2
coco:65455:5:1714,3
coco:65485:18:1716,5
coco:65485:24:1718,3
coco:65485:79:1717,2
coco:65736:32:1721,3
coco:65736:41:1720,3
coco:65736:43:1719,3
coco:65798:15:1723,111
coco:65798:40:1722,23
coco:66038:28:1725,37
coco:66135:38:1729,1
coco:66135:7:1728,7
coco:66135:85:1730,2
coco:6614:24:188,9
coco:6614:53:186,80
coco:6614:65:187,7
coco:66231:52:1731,38
coco:66231:72:1733,6
coco:66523:46:1736,1
coco:66523:52:1735,2
coco:66523:65:1734,18
coco:66561:20:1737,5
coco:66561:60:1739,4
coco:66561:64:1738,1
coco:66635:11:1742,1
coco:66635:75:1740,9
coco:66635:79:1741,4
coco:66706:1:1743,177
coco:66706:39:1745,1
coco:66706:48:1744,31
coco:66771:14:1748,1
coco:66771:36:1747,1
coco:66771:47:1746,22
coco:66817:67:1749,4
coco:66817:7:1751,2
coco:66841:22:1754,2
coco:66841:43:1753,5
coco:66841:80:1752,5
coco:66886:1:1755,3
coco:66886:31:1756,6
coco:66886:79:1757,9
coco:66926:17:1760,12
coco:66926:60:1758,21
coco:66926:70:1759,11
coco:67180:1:1761,1
coco:67180:41:1763,6
coco:67180:43:1762,2
coco:67213:3:1764,62
coco:67213:51:1765,1
coco:67213:6:1766,14
coco:6723:6:189,15
coco:6723:86:191,1
coco:67310:1:1767,46
coco:67310:55:1768,2
coco:67315:11:1771,1
coco:67315:32:1770,10
coco:67315:42:1772,8
coco:67406:1:1773,4
coco:67406:42:1775,1
coco:67406:76:1774,1
coco:67534:11:1777,2
coco:67534:1:1776,3
coco:67534:84:1778,7
coco:67616:1:1779,38
coco:67616:4:1780,7
coco:67616:7:1781,2
coco:6763:15:194,10
coco:6763:59:193,3
coco:6763:77:192,6
coco:6771:22:197,1
coco:6771:77:195,6
coco:6771:86:196,2
coco:67896:11:1783,7
coco:67896:47:1784,2
coco:67896:85:1782,2
coco:68078:18:1785,2
coco:68078:1:1786,1
coco:68078:78:1787,6
coco:68093:14:1789,1
coco:68093:34:1790,1
coco:68093:4:1788,20
coco:6818:65:199,6
coco:6818:70:198,12
coco:6818:75:200,13
coco:68286:1:1793,3
coco:68286:28:1792,4
coco:68286:65:1791,7
coco:68387:40:1794,23
coco:68387:62:1796,25
coco:68409:32:1797,51
coco:68628:1:1800,3
coco:68628:22:1802,1
coco:68628:82:1801,4
coco:68765:18:1805,3
coco:68765:74:1803,4
coco:68833:17:1807,2
coco:68833:65:1808,5
coco:68833:72:1806,4
coco:68933:24:1809,12
coco:68933:64:1811,1
coco:68933:74:1810,4
coco:6894:22:201,15
coco:6894:52:203,8
coco:6894:89:202,3
coco:69106:24:1812,10
coco:69106:51:1813,1
coco:69106:9:1814,6
coco:69138:19:1817,9
coco:69138:39:1816,1
coco:69138:8:1815,12
coco:69213:31:1820,43
coco:69213:4:1818,45
coco:69213:52:1819,4
coco:69224:44:1821,10
coco:69356:1:1824,58
coco:69356:50:1825,8
coco:69356:60:1826,6
coco:6954:18:206,8
coco:6954:34:204,4
coco:6954:6:205,2
coco:69795:48:1829,6
coco:69795:64:1827,5
coco:69795:89:1828,2
coco:70048:19:1831,4
coco:70048:51:1830,4
coco:70048:76:1832,6
coco:70158:24:1833,5
coco:70158:28:1834,3
coco:70158:33:1835,4
coco:70229:15:1836,22
coco:70229:36:1838,6
coco:70229:40:1837,1
coco:70254:1:1839,33
coco:70254:48:1840,1
coco:70254:61:1841,1
coco:70739:1:1842,11
coco:70774:13:1846,8
coco:70774:4:1845,14
coco:70774:9:1847,5
coco:7088:3:207,22
coco:7088:43:208,1
coco:7088:64:209,13
coco:7108:22:210,28
coco:7108:32:212,3
coco:71226:28:1850,7
coco:71226:32:1849,13
coco:71226:84:1848,10
coco:71451:59:1852,5
coco:71451:65:1851,3
coco:71711:17:1855,9
coco:71711:1:1854,90
coco:71711:6:1856,5
coco:71756:23:1857,5
coco:71756:58:1858,4
coco:71756:67:1859,9
coco:71877:10:1860,17
coco:71877:17:1862,1
coco:71877:3:1861,22
coco:71938:64:1864,2
coco:71938:65:1863,5
coco:72281:1:1866,2
coco:72281:37:1868,3
coco:72281:44:1867,6
coco:724:3:9,41
coco:724:49:10,1
coco:724:65:11,1
coco:7278:24:215,4
coco:7278:42:213,9
coco:7278:87:214,2
coco:72795:39:1869,9
coco:72795:73:1871,2
coco:72813:31:1874,18
coco:72813:65:1872,4
coco:72813:85:1873,9
coco:7281:19:216,5
coco:7281:6:217,3
coco:7281:9:218,12
coco:72852:31:1875,3
coco:72852:80:1876,1
coco:72852:87:1877,4
coco:73118:38:1880,2
coco:73118:43:1879,2
coco:73118:88:1878,3
coco:73153:59:1882,2
coco:73153:5:1883,4
coco:73153:77:1881,8
coco:73326:17:1885,1
coco:73326:78:1886,4
coco:73326:82:1884,1
coco:73533:1:1887,3
coco:73533:6:1888,2
coco:73533:72:1889,7
coco:73702:28:1890,19
coco:73702:33:1891,25
coco:73702:38:1892,2
coco:7386:48:221,1
coco:7386:4:219,17
coco:7386:53:220,3
coco:73946:1:1893,9
coco:73946:34:1894,12
coco:73946:52:1895,5
coco:74058:18:1897,4
coco:74058:1:1896,129
coco:74058:27:1898,13
coco:74092:33:1900,1
coco:74092:43:1899,4
coco:74092:47:1901,8
coco:74200:1:1902,78
coco:74200:67:1904,20
coco:74200:9:1903,26
coco:74209:48:1907,14
coco:74209:67:1905,11
coco:74209:72:1906,2
coco:74256:27:1908,10
coco:74256:86:1909,1
coco:74457:42:1911,1
coco:74457:44:1912,6
coco:74457:88:1913,2
coco:74646:19:1916,10
coco:74646:1:1914,60
coco:74733:24:1919,2
coco:74733:25:1918,2
coco:74733:59:1917,17
coco:74860:36:1920,1
coco:74860:50:1921,1
coco:7511:38:222,20
coco:7511:75:223,4
coco:7511:7:224,9
coco:75393:36:1925,4
coco:75393:44:1924,37
coco:75393:48:1923,36
coco:75456:19:1927,1
coco:75456:59:1926,1
coco:75456:76:1928,2
coco:75612:75:1929,12
coco:75612:86:1931,3
coco:7574:22:226,2
coco:7574:78:225,8
coco:76211:13:1934,5
coco:76211:32:1933,9
coco:76211:85:1932,1
coco:76261:16:1935,12
coco:76261:37:1936,2
coco:76261:55:1937,2
coco:76416:2:1938,10
coco:76416:40:1940,1
coco:76416:86:1939,3
coco:76417:3:1941,4
coco:76417:63:1943,9
coco:76417:70:1942,1
coco:76468:62:1944,300
coco:76468:77:1946,6
coco:76547:1:1947,23
coco:76547:23:1948,1
coco:76547:31:1949,24
coco:76625:36:1952,1
coco:76625:77:1950,13
coco:76731:36:1954,4
coco:76731:48:1955,2
coco:76731:73:1953,1
coco:77396:27:1957,2
coco:77396:67:1956,7
coco:77396:87:1958,1
coco:77460:1:1959,161
coco:77460:3:1960,17
coco:77595:44:1964,6
coco:77595:73:1962,2
coco:776:65:12,9
coco:776:67:14,12
coco:776:85:13,6
coco:7784:19:230,5
coco:7784:38:228,6
coco:7784:89:229,1
coco:7795:23:232,3
coco:7795:60:233,3
coco:7795:85:231,8
coco:78032:4:1967,4
coco:78032:9:1965,65
coco:7816:4:234,4
coco:7816:5:236,1
coco:7816:8:235,2
coco:78170:1:1968,7
coco:78170:42:1970,2
coco:7818:48:237,47
coco:7818:70:238,2
coco:78266:57:1971,21
coco:78266:65:1973,12
coco:78404:1:1974,12
coco:78404:38:1975,1
coco:78404:42:1976,1
coco:78420:37:1979,1
coco:78420:38:1978,1
coco:78420:73:1977,2
coco:78426:16:1982,2
coco:78426:47:1980,8
coco:78426:87:1981,34
coco:78565:53:1985,1
coco:78565:9:1983,77
coco:785:1:15,1
coco:78748:27:1986,49
coco:78748:62:1987,40
coco:78748:8:1988,9
coco:78823:64:1989,7
coco:78823:65:1991,5
coco:78823:70:1990,1
coco:78843:10:1993,3
coco:78843:32:1992,9
coco:78843:70:1994,7
coco:7888:60:241,8
coco:7888:84:242,7
coco:7888:85:240,8
coco:78915:27:1996,11
coco:78915:43:1995,4
coco:78915:54:1997,2
coco:78959:21:1999,8
coco:78959:52:1998,101
coco:78959:86:2000,9
coco:79014:14:2002,3
coco:79014:1:2001,5
coco:79014:34:2003,9
coco:79031:1:2004,3
coco:79031:39:2005,1
coco:79031:65:2006,2
coco:79034:3:2007,41
coco:79034:56:2009,1
coco:79034:60:2008,2
coco:79144:14:2011,3
coco:79144:23:2010,11
coco:79188:25:2013,3
coco:79188:31:2015,1
coco:79188:77:2014,3
coco:79229:1:2016,1
coco:79229:2:2018,1
coco:79229:90:2017,1
coco:79408:13:2019,2
coco:79408:27:2020,2
coco:79408:84:2021,2
coco:79565:25:2022,3
coco:79565:3:2024,4
coco:79565:82:2023,3
coco:79588:1:2025,7
coco:79588:55:2026,2
coco:79588:78:2027,1
coco:79651:41:2029,7
coco:79651:44:2028,4
coco:79651:75:2030,7
coco:7977:19:244,1
coco:7977:41:243,4
coco:7977:75:245,2
coco:79837:65:2033,4
coco:79837:75:2032,3
coco:79837:9:2031,78
coco:7991:49:246,13
coco:7991:5:247,6
coco:7991:78:248,10
coco:79969:1:2034,300
coco:79969:34:2035,4
coco:79969:53:2036,3
coco:80022:28:2039,3
coco:80022:37:2037,6
coco:80022:58:2038,2
coco:80057:14:2041,1
coco:80057:75:2042,15
coco:80057:88:2040,1
coco:80153:18:2043,1
coco:80153:32:2045,3
coco:80153:67:2044,8
coco:8021:44:249,6
coco:8021:86:250,5
coco:80273:36:2046,2
coco:80274:22:2049,5
coco:80274:35:2051,2
coco:80274:70:2050,2
coco:802:14:20,2
coco:802:50:19,7
coco:802:82:18,6
coco:80340:28:2054,15
coco:80340:50:2053,8
coco:80340:67:2052,4
coco:80413:53:2057,3
coco:80413:73:2056,6
coco:80413:88:2055,1
coco:80659:1:2058,8
coco:80666:17:2061,1
coco:80666:41:2062,3
coco:80666:54:2063,1
coco:80671:1:2064,1
coco:80671:86:2065,1
coco:80932:49:2069,12
coco:80932:67:2067,19
coco:80949:11:2072,1
coco:80949:73:2070,1
coco:80949:85:2071,3
coco:81061:60:2074,6
coco:81061:62:2073,2
coco:81394:23:2078,1
coco:81394:4:2076,31
coco:81394:85:2077,10
coco:81594:31:2079,5
coco:81594:33:2081,2
coco:81738:24:2083,1
coco:81738:27:2084,1
coco:81738:49:2082,24
coco:81766:18:2085,10
coco:81766:88:2087,4
coco:81988:1:2088,7
coco:81988:3:2089,3
coco:81988:8:2090,4
coco:82085:22:2093,1
coco:82085:7:2091,7
coco:8211:62:252,27
coco:82180:5:2095,3
coco:82180:62:2094,1
coco:82180:84:2096,3
coco:82688:1:2097,16
coco:82688:32:2099,5
coco:82688:5:2098,3
coco:82696:38:2102,1
coco:82696:47:2100,14
coco:82696:60:2101,11
coco:82715:1:2103,1
coco:82715:73:2105,3
coco:82715:76:2104,2
coco:82765:28:2108,8
coco:82765:3:2107,2
coco:82765:65:2106,9
coco:8277:36:256,2
coco:8277:48:255,4
coco:8277:61:257,6
coco:82807:53:2110,1
coco:82807:59:2111,2
coco:82807:67:2109,11
coco:82812:32:2113,8
coco:82812:7:2112,5
coco:82821:16:2116,24
coco:82821:77:2117,1
coco:82821:8:2115,36
coco:82846:49:2119,1
coco:82846:6:2118,1
coco:82846:78:2120,1
coco:82986:34:2121,4
coco:82986:72:2122,9
coco:83113:22:2124,15
coco:83113:32:2125,2
coco:83113:51:2126,1
coco:83172:27:2129,2
coco:83172:37:2127,16
coco:83172:7:2128,6
coco:83531:3:2131,16
coco:83531:47:2130,14
coco:83531:82:2132,2
coco:83540:1:2133,1
coco:83540:50:2134,1
coco:83540:77:2135,4
coco:84031:1:2136,300
coco:84170:3:2139,14
coco:84170:55:2141,3
coco:84170:82:2140,1
coco:84241:39:2143,2
coco:84241:44:2142,56
coco:84270:13:2146,8
coco:84270:31:2145,111
coco:84362:17:2148,4
coco:84362:77:2150,7
coco:84431:36:2153,3
coco:84431:59:2151,3
coco:84431:7:2152,3
coco:84477:28:2154,3
coco:84477:39:2155,1
coco:84477:3:2156,3
coco:84492:11:2159,5
coco:84492:3:2157,28
coco:84492:52:2158,1
coco:84650:31:2160,27
coco:84664:50:2163,11
coco:84664:7:2164,2
coco:84674:48:2167,6
coco:84674:85:2166,4
coco:84752:3:2169,45
coco:84752:51:2170,1
coco:84752:76:2171,1
coco:85089:24:2173,3
coco:85089:46:2172,18
coco:85157:59:2175,22
coco:85157:65:2176,2
coco:85157:84:2177,11
coco:85195:11:2179,1
coco:85195:13:2180,5
coco:85195:61:2178,2
coco:85329:1:2181,1
coco:85329:40:2183,2
coco:85329:86:2182,8
coco:8532:32:258,2
coco:8532:74:259,7
coco:8532:82:260,14
coco:85376:38:2185,1
coco:85376:4:2184,1
coco:85478:16:2189,3
coco:85478:20:2188,9
coco:85478:23:2187,10
coco:85576:34:2191,7
coco:85576:54:2192,4
coco:85576:70:2190,9
coco:85665:17:2194,3
coco:85665:2:2195,3
coco:85665:38:2193,4
coco:85682:1:2196,138
coco:85772:20:2200,2
coco:85772:37:2199,8
coco:85772:8:2201,4
coco:85823:24:2202,10
coco:85823:31:2204,2
coco:85823:47:2203,6
coco:85911:15:2207,2
coco:85911:32:2206,3
coco:85911:38:2205,3
coco:86220:2:2209,2
coco:86220:43:2210,1
coco:86220:6:2208,8
coco:8629:28:262,6
coco:8629:59:261,20
coco:8629:63:263,6
coco:86483:1:2211,10
coco:86483:52:2212,2
coco:86483:7:2213,14
coco:86582:38:2215,2
coco:86582:55:2216,3
coco:86582:73:2214,2
coco:86755:1:2217,4
coco:86755:88:2218,4
coco:8690:1:264,21
coco:8690:34:266,2
coco:8690:55:265,2
coco:86956:27:2221,12
coco:86956:31:2220,14
coco:86956:78:2222,1
coco:87038:24:2225,2
coco:87038:41:2223,45
coco:87144:3:2226,8
coco:87244:15:2229,33
coco:87244:38:2231,1
coco:87244:87:2230,1
coco:872:37:21,13
coco:872:7:22,3
coco:87470:1:2232,13
coco:87470:23:2234,14
coco:87476:1:2235,113
coco:87476:51:2237,7
coco:87476:9:2236,20
coco:8762:10:267,26
coco:87742:23:2239,4
coco:87742:86:2238,2
coco:87742:9:2240,3
coco:87875:11:2241,1
coco:87875:16:2243,1
coco:87875:53:2242,1
coco:88040:48:2244,23
coco:88040:70:2245,4
coco:88040:78:2246,5
coco:88218:10:2247,12
coco:88218:31:2248,3
coco:88218:63:2249,2
coco:88250:1:2252,3
coco:88250:22:2250,3
coco:88250:51:2251,2
coco:88265:19:2253,6
coco:88265:41:2254,3
coco:88265:4:2255,3
coco:88269:50:2256,4
coco:88269:72:2257,4
coco:88269:82:2258,5
coco:88345:1:2259,3
coco:88345:84:2261,9
coco:88345:90:2260,20
coco:88432:10:2262,21
coco:88432:37:2263,3
coco:88432:65:2264,2
coco:8844:52:270,32
coco:8844:55:271,7
coco:8844:74:272,4
coco:88462:13:2265,8
coco:88462:47:2266,1
coco:88485:15:2269,6
coco:88485:17:2270,3
coco:88485:34:2268,1
coco:885:1:24,63
coco:885:39:25,2
coco:88848:31:2271,44
coco:88848:73:2272,1
coco:88848:82:2273,6
coco:88951:15:2274,1
coco:88951:57:2275,3
coco:88970:15:2279,4
coco:88970:27:2278,3
coco:88970:43:2277,3
coco:8899:20:275,2
coco:8899:2:273,9
coco:8899:7:274,12
coco:89045:18:2282,2
coco:89045:60:2281,5
coco:89045:86:2280,23
coco:89078:36:2283,13
coco:89078:54:2285,1
coco:89271:17:2286,2
coco:89271:2:2287,2
coco:89271:79:2288,2
coco:89296:39:2289,22
coco:89296:55:2290,3
coco:89296:7:2291,5
coco:89556:11:2292,2
coco:89556:2:2293,4
coco:89556:78:2294,2
coco:89648:62:2295,238
coco:89670:50:2298,8
coco:89670:5:2299,1
coco:89670:6:2300,2
coco:89697:15:2301,7
coco:89697:72:2302,3
coco:89697:8:2303,5
coco:89761:15:2305,16
coco:89761:70:2304,2
coco:89761:90:2306,1
coco:89880:18:2307,3
coco:89880:32:2309,2
coco:89880:35:2308,3
coco:90003:18:2310,2
coco:90003:3:2312,8
coco:90003:70:2311,5
coco:90062:21:2313,2
coco:90062:28:2314,11
coco:90062:38:2315,1
coco:90108:47:2318,10
coco:90108:60:2317,7
coco:90108:81:2316,7
coco:90155:35:2320,6
coco:90155:38:2321,5
coco:90155:7:2319,4
coco:90208:17:2323,1
coco:90208:58:2324,3
coco:90208:6:2322,20
coco:90284:16:2327,1
coco:90284:1:2325,2
coco:90284:48:2326,2
coco:90631:43:2330,1
coco:90631:5:2328,1
coco:90631:64:2329,1
coco:90891:15:2333,33
coco:90891:1:2331,17
coco:90891:87:2332,4
coco:90956:10:2336,3
coco:90956:27:2335,8
coco:90956:35:2334,14
coco:91406:78:2338,2
coco:91406:84:2337,97
coco:91495:17:2342,2
coco:91495:1:2340,3
coco:91495:88:2341,3
coco:91500:54:2344,12
coco:91500:61:2345,36
coco:91500:62:2343,37
coco:91615:44:2346,24
coco:91615:56:2347,12
coco:91619:13:2349,2
coco:91619:20:2351,1
coco:91619:37:2350,3
coco:91654:35:2354,1
coco:91654:51:2352,3
coco:91654:6:2353,2
coco:91779:28:2356,1
coco:91779:62:2355,23
coco:91779:85:2357,3
coco:91921:24:2358,3
coco:91921:52:2359,3
coco:91921:8:2360,4
coco:92053:60:2361,8
coco:92053:78:2363,6
coco:92053:81:2362,4
coco:92091:16:2366,7
coco:92091:51:2365,7
coco:92091:9:2364,49
coco:92124:39:2368,1
coco:92124:81:2367,5
coco:92177:16:2371,10
coco:92177:42:2370,4
coco:92177:63:2372,3
coco:92416:44:2373,1
coco:92416:64:2374,1
coco:92660:56:2376,173
coco:92660:75:2378,4
coco:92660:77:2377,6
coco:92839:23:2379,5
coco:92839:27:2380,3
coco:92839:36:2381,4
coco:92939:15:2383,30
coco:92939:1:2382,3
coco:92939:33:2384,3
coco:93154:10:2385,46
coco:93154:55:2387,3
coco:93261:15:2389,3
coco:93261:16:2390,2
coco:93261:1:2388,5
coco:93353:2:2393,2
coco:93353:62:2391,27
coco:93353:81:2392,4
coco:93437:62:2394,31
coco:93437:79:2396,1
coco:93717:1:2397,98
coco:93717:24:2399,2
coco:9378:25:277,3
coco:9378:34:276,2
coco:9378:51:278,2
coco:93965:19:2401,3
coco:93965:24:2400,4
coco:93965:50:2402,5
coco:9400:24:280,5
coco:9400:47:279,24
coco:94157:1:2403,66
coco:94157:28:2405,21
coco:94157:33:2404,3
coco:94185:10:2407,10
coco:94185:47:2408,22
coco:94185:88:2406,180
coco:94326:15:2409,3
coco:94326:49:2410,1
coco:94326:61:2411,4
coco:94336:21:2414,1
coco:94336:81:2412,9
coco:94336:87:2413,2
coco:9448:21:283,2
coco:9448:28:282,3
coco:9448:8:284,4
coco:94614:27:2415,11
coco:94614:28:2417,1
coco:94751:3:2418,34
coco:9483:16:287,2
coco:9483:1:285,7
coco:94852:22:2421,11
coco:94852:52:2423,6
coco:94852:78:2422,5
coco:94871:15:2425,6
coco:94871:1:2424,21
coco:94871:85:2426,2
coco:94944:32:2428,2
coco:94944:35:2427,27
coco:94944:82:2429,5
coco:95069:35:2431,2
coco:95069:57:2432,2
coco:95069:85:2430,4
coco:95155:1:2433,4
coco:95155:65:2434,6
coco:95707:3:2438,3
coco:95707:49:2436,15
coco:95707:82:2437,13
coco:95786:32:2441,4
coco:95786:44:2440,8
coco:95786:47:2439,5
coco:95843:14:2444,1
coco:95843:62:2443,46
coco:95843:6:2442,1
coco:95862:1:2445,135
coco:95899:13:2448,2
coco:95899:36:2449,5
coco:95899:58:2450,2
coco:9590:15:289,12
coco:9590:50:288,43
coco:96001:24:2453,11
coco:96001:28:2451,8
coco:96001:86:2452,16
coco:96427:43:2454,4
coco:96427:79:2456,3
coco:96427:7:2455,5
coco:96493:14:2458,2
coco:96493:62:2459,3
coco:96493:75:2457,5
coco:96549:33:2461,1
coco:96549:55:2462,1
coco:96549:5:2460,1
coco:96825:1:2463,3
coco:96960:13:2467,3
coco:96960:17:2468,2
coco:96960:23:2466,1
coco:97022:42:2470,1
coco:97022:74:2471,1
coco:97022:80:2469,4
coco:97230:22:2472,4
coco:97230:76:2474,2
coco:97230:82:2473,2
coco:97278:10:2477,2
coco:97278:36:2475,5
coco:97278:37:2476,2
coco:97337:50:2480,19
coco:97337:67:2478,9
coco:97585:2:2483,1
coco:97585:86:2481,35
coco:97585:9:2482,10
coco:97679:3:2484,12
coco:97679:63:2486,2
coco:97679:87:2485,1
coco:9769:11:291,2
coco:9769:17:292,1
coco:9772:14:295,1
coco:9772:1:294,14
coco:9772:75:296,23
coco:97924:19:2487,10
coco:97924:25:2489,6
coco:97924:79:2488,10
coco:97988:15:2490,65
coco:97988:44:2492,50
coco:97994:18:2494,3
coco:97994:55:2495,5
coco:97994:84:2493,88
coco:98018:34:2498,18
coco:98018:51:2496,33
coco:98018:63:2497,12
coco:98261:16:2499,11
coco:98261:47:2501,3
coco:98261:52:2500,5
coco:98287:23:2503,7
coco:98287:40:2502,53
coco:98392:1:2505,64
coco:98392:22:2506,3
coco:98392:44:2507,14
coco:98497:28:2508,14
coco:98497:44:2509,17
coco:98520:39:2512,1
coco:98520:5:2510,4
coco:98520:74:2511,1
coco:98633:22:2514,5
coco:98633:61:2513,8
coco:98633:80:2515,4
coco:98716:1:2516,23
coco:98839:17:2519,2
coco:98839:49:2521,16
coco:98839:88:2520,2
coco:98853:60:2523,2
coco:98853:62:2522,180
coco:98853:6:2524,1
coco:9891:33:297,62
coco:99024:17:2526,5
coco:99024:1:2525,1
coco:99024:80:2527,4
coco:99039:59:2528,45
coco:99039:86:2530,13
coco:99053:19:2532,5
coco:99053:25:2533,2
coco:99053:67:2531,3
coco:99054:20:2535,1
coco:99054:5:2534,52
coco:99054:77:2536,3
coco:99114:10:2537,21
coco:9914:18:301,5
coco:9914:36:302,4
coco:9914:51:300,8
coco:99182:65:2540,8
coco:99182:87:2541,8
coco:99182:8:2542,3
coco:99242:35:2543,5
coco:99242:85:2544,1
coco:99428:18:2548,4
coco:99428:51:2547,2
coco:99428:75:2546,16
coco:99810:55:2551,8
coco:99810:60:2549,8
