mondrian_group,sum_phi,n_null,min_null
a giraffe in the scene,204.52157953219915,319,50
a banana object,126.00391908638272,211,50
a close-up of a knife,116.03123549680049,186,50
a small frisbee near the center,138.16498229468198,177,50
a small keyboard near the center,123.74532190356923,172,50
a small skis near the center,116.03073571843413,165,50
a small toaster near the center,130.9440283959573,163,50
a small sink near the center,121.43136024208573,161,50
a baseball glove in the scene,148.4334235139274,158,50
a potted plant in the scene,84.35379806849265,140,50
a donut in the scene,122.84977257555968,136,50
a small tv near the center,118.11910054580967,134,50
a stop sign in the scene,104.00946268127268,127,50
a small banana near the center,110.27433332127022,123,50
a small laptop near the center,87.17730534037067,120,50
a small tie near the center,91.27830358150024,98,50
a visible book in the scene,78.84145689228816,94,50
a sports ball in the scene,68.08849991628031,89,50
a car in the scene,58.75656060278716,89,50
a small suitcase near the center,75.73134216512415,87,50
a small parking meter near the center,80.9109194499815,83,50
a visible person in the scene,74.43693893126107,78,50
a book in the scene,65.36463621902823,78,50
a fire hydrant in the scene,61.36496375217795,73,50
a carrot in the scene,74.37725947001408,70,50
a close-up of a baseball glove,63.664293886330015,70,50
a small tennis racket near the center,57.852733981508386,68,50
a book object,58.384185643700484,67,50
a microwave in the scene,59.756092474442504,66,50
a close-up of a backpack,59.65797756064243,65,50
a snowboard in the scene,59.67798954153113,64,50
a truck in the scene,46.7770350272493,64,50
a small oven near the center,58.61734268392791,63,50
a wine glass in the scene,56.58909716385971,63,50
a small kite near the center,40.677748259181065,63,50
a bench in the scene,69.03152874960627,62,50
a small handbag near the center,45.871098125446444,59,50
a bottle in the scene,63.0096681544783,57,50
a small backpack near the center,57.13774034884844,57,50
a clock in the scene,70.17576054560168,56,50
a close-up of a remote,61.39906562532857,56,50
a close-up of a spoon,52.83597648493872,56,50
a small refrigerator near the center,44.64967589026149,56,50
a fork in the scene,44.14638235031337,54,50
a tennis racket in the scene,44.22780638121565,51,50
a small horse near the center,43.44464215055089,51,50
a photo containing a skateboard,52.40940724123344,48,50
a photo containing a keyboard,42.87345504794326,48,50
a spoon in the scene,61.635558908855515,47,50
the person in this image,52.94635532579489,47,50
a small dog near the center,40.113463041899976,47,50
a small book near the center,54.889999802896604,45,50
a traffic light in the scene,45.91099106509681,45,50
a cake in the scene,43.02173017601488,45,50
a photo of a chair,40.142896716402625,45,50
the cell phone in this image,45.47901824350091,44,50
a small bowl near the center,43.886717566098866,44,50
a photo containing a kite,62.153453618461626,43,50
a dining table in the scene,34.276766251876104,43,50
a tv in the scene,31.233613183207336,43,50
a small stop sign near the center,30.140323657323474,43,50
a photo containing a bottle,39.045706036023226,42,50
a small umbrella near the center,36.650104920443425,42,50
a sandwich in the scene,51.83268767242486,41,50
a photo containing a chair,39.93742880504379,41,50
a photo of a knife,33.8550021799203,41,50
a small elephant near the center,51.726022974070816,40,50
a photo containing a book,44.06771081056865,40,50
a bowl in the scene,35.46332694892315,40,50
a person object,24.671486237108134,40,50
a visible chair in the scene,39.59850345378151,39,50
a photo containing a dog,44.79411630721754,38,50
a photo containing a toilet,49.91701908019735,37,50
a small fire hydrant near the center,37.196882701790194,36,50
a small dining table near the center,34.3096516477325,36,50
a handbag object,42.97402532821013,35,50
a keyboard in the scene,38.76988116542327,35,50
a small snowboard near the center,33.92731681862491,34,50
a photo of a person,29.771333762959667,34,50
a small potted plant near the center,29.58304165163998,34,50
a oven in the scene,27.398836189760623,34,50
a toaster in the scene,27.146925841069283,34,50
a bus in the scene,22.76347767491267,33,50
a small couch near the center,36.56867637455193,32,50
a banana in the scene,36.10762718378185,31,50
a photo containing a suitcase,31.18073910381691,31,50
a close-up of a carrot,33.03503777944772,30,50
a visible car in the scene,30.9138727817597,30,50
the pizza in this image,27.967024197898258,30,50
a photo of a tie,25.740440142467456,30,50
a photo containing a orange,32.10387299763259,29,50
a bird in the scene,38.37705583491887,28,50
a photo containing a handbag,37.15996421120486,28,50
a photo containing a frisbee,31.248582535749566,28,50
a small hair drier near the center,29.78660371323347,28,50
a photo containing a skis,25.94864867413474,28,50
a photo of a umbrella,25.15192330396044,27,50
a photo of a traffic light,24.176004256083107,27,50
a zebra in the scene,32.43330611666115,26,50
a close-up of a cell phone,31.32580556951415,26,50
a bicycle in the scene,30.291605311711084,26,50
a photo of a horse,29.27176374340784,26,50
a small traffic light near the center,27.985854533939175,26,50
a photo containing a refrigerator,34.38784847820877,25,50
a photo of a remote,25.517656901829152,25,50
a photo of a skis,23.38829493672001,25,50
a skateboard in the scene,23.086562602147552,25,50
a small orange near the center,24.888499036619763,24,50
a small bottle near the center,23.189887250155774,24,50
a sink in the scene,21.97384730387074,24,50
the kite in this image,18.300921492420954,24,50
a photo containing a wine glass,32.12498085025429,23,50
a scissors in the scene,27.217038241180393,23,50
a umbrella object,22.201636922496586,23,50
a photo of a bottle,18.791332692056965,23,50
a photo of a suitcase,24.338244723149373,22,50
a photo of a boat,21.967392324380057,22,50
a boat object,17.469704795177954,22,50
the car in this image,17.255610010638396,22,50
a hot dog in the scene,40.13228871698835,21,50
a photo containing a sports ball,24.20082202144208,21,50
a close-up of a tennis racket,18.167479030070606,21,50
a close-up of a sheep,35.798645161102556,20,50
a close-up of a hair drier,26.662907737098514,20,50
a close-up of a book,21.366619798019595,20,50
a small clock near the center,20.130452464033013,20,50
a close-up of a hot dog,19.984580245727873,20,50
a photo containing a tennis racket,19.7633592320916,20,50
a chair object,12.746100832007755,20,50
a photo containing a horse,23.879208510112207,19,50
a visible knife in the scene,19.78374046875767,19,50
a couch in the scene,27.993657809034534,18,50
a suitcase in the scene,27.040431043534284,18,50
a visible parking meter in the scene,23.172309382874943,18,50
a photo containing a umbrella,22.069914242121868,18,50
a close-up of a bowl,20.293608557499166,18,50
a photo containing a toothbrush,23.746269364651337,17,50
a close-up of a parking meter,18.925657839124547,17,50
a photo containing a bench,18.824379484735086,17,50
a close-up of a horse,18.462426817350774,17,50
the truck in this image,11.010194098318278,17,50
a small cake near the center,25.04742710471017,16,50
the handbag in this image,17.913088634420543,16,50
the carrot in this image,16.281058422017665,16,50
a close-up of a skateboard,15.421225035700562,16,50
a photo containing a teddy bear,33.879802733446866,15,50
a photo of a apple,23.011250820012613,15,50
a close-up of a zebra,13.610568235193009,15,50
a visible bus in the scene,27.795292784314064,14,50
a photo containing a train,23.56358589633081,14,50
a photo containing a carrot,19.381869574412264,14,50
a small cell phone near the center,17.158974815496148,14,50
a photo of a car,14.985958236568377,14,50
a skis object,13.636979858624548,14,50
a photo containing a snowboard,13.034744951177705,14,50
a small cat near the center,24.10737501674909,13,50
a close-up of a airplane,20.600836821185506,13,50
a mouse in the scene,16.777482857472595,13,50
a close-up of a toothbrush,16.643406496624266,13,50
a close-up of a cake,15.73709769923003,13,50
a close-up of a mouse,15.72976941428971,13,50
a visible skis in the scene,9.504938184761448,13,50
a close-up of a clock,22.113973500378986,12,50
a close-up of a donut,21.364198795305434,12,50
a photo containing a apple,18.202859279278496,12,50
a photo containing a airplane,16.79568567222295,12,50
a close-up of a toilet,14.44654009812913,12,50
a photo containing a boat,21.959863811817073,11,50
a close-up of a traffic light,16.172823313535698,11,50
a photo containing a fire hydrant,14.305890688711472,11,50
a photo containing a bear,13.832423738994027,11,50
the toilet in this image,13.095775282784189,11,50
a photo of a mouse,11.339415289322417,11,50
a photo containing a bicycle,11.17697120047717,11,50
a visible cow in the scene,7.675859385949399,11,50
a close-up of a dog,22.596257076887024,10,50
a photo containing a clock,20.700025680742545,10,50
a close-up of a kite,18.833772601729112,10,50
a photo containing a remote,16.855962330013252,10,50
a close-up of a microwave,11.78175631239036,10,50
the horse in this image,9.25067599444301,10,50
a photo of a cell phone,8.502013431551552,10,50
a cup object,6.764407279741691,10,50
a photo containing a laptop,12.618567248864801,9,50
a photo containing a tv,21.14504142231326,8,50
a close-up of a vase,16.646600166250412,8,50
a cell phone object,10.76994129937937,8,50
a close-up of a oven,10.489430677935205,8,50
the skis in this image,6.870109517557495,8,50
a visible tennis racket in the scene,5.798413888995634,8,50
a photo containing a dining table,27.232137408071637,7,50
a photo of a cow,10.044575747732646,7,50
the sheep in this image,6.7217463693080415,7,50
a small cow near the center,16.00969726377819,6,50
a photo containing a baseball glove,13.544651785205351,6,50
a close-up of a sports ball,12.24149243763568,6,50
a train in the scene,11.314272449942592,6,50
a photo containing a toaster,10.313726002749103,6,50
a visible baseball glove in the scene,10.118475454905568,6,50
a visible dining table in the scene,5.755029508206614,6,50
a bird object,4.483102406916462,6,50
a small giraffe near the center,20.085328570628356,5,50
a close-up of a bed,16.161704978639975,5,50
a close-up of a cow,15.991179350363012,5,50
a close-up of a refrigerator,15.66565458524235,5,50
a photo of a toilet,7.839264530407162,5,50
the bird in this image,7.2529429179472675,5,50
the sink in this image,3.952622751947569,5,50
a close-up of a fire hydrant,14.933712730082275,4,50
a dining table object,14.446907029995934,4,50
a visible keyboard in the scene,7.50319941962206,4,50
a visible cup in the scene,5.524286271520824,3,50
the dining table in this image,4.174231409097532,3,50
the giraffe in this image,3.5110332468477594,3,50
a sandwich object,1.7337584500011114,3,50
a close-up of a wine glass,14.937656904183477,2,50
a close-up of a tv,13.619515822564438,2,50
the train in this image,4.634131407842586,2,50
the bed in this image,3.0723472188077876,2,50
a visible refrigerator in the scene,2.4237628824055677,1,50
the sandwich in this image,2.2103685254370187,1,50
a visible bowl in the scene,2.2103685254370187,1,50
a visible surfboard in the scene,2.2103685254370187,1,50
a visible horse in the scene,1.5716906127865031,1,50
a car object,0.2918853995174934,1,50
