alpha,num_test_families,num_rejected_families,total_rejections,fp,tp,fdp,recall,mean_family_fdp,score_floor,total_pruned,seed,method,stratum_fine
0.05,99,23,34,5,29,0.14705882352941177,0.3020833333333333,0.03535353535353535,0.4,687,0,betting,6<=K<=10
0.05,60,12,28,1,27,0.03571428571428571,0.2621359223300971,0.016666666666666666,0.4,823,0,betting,11<=K<=20
0.05,179,28,29,3,26,0.10344827586206896,0.9285714285714286,0.01675977653631285,0.4,217,0,betting,K<=2
0.05,146,35,43,3,40,0.06976744186046512,0.6666666666666666,0.02054794520547945,0.4,500,0,betting,3<=K<=5
0.05,17,7,47,11,36,0.23404255319148937,0.18652849740932642,0.08271924154277095,0.4,1423,0,betting,K>50
0.05,35,11,50,9,41,0.18,0.2645161290322581,0.03299319727891156,0.4,1011,0,betting,21<=K<=50
0.1,99,32,51,8,43,0.1568627450980392,0.4479166666666667,0.05252525252525253,0.4,687,0,betting,6<=K<=10
0.1,60,15,33,3,30,0.09090909090909091,0.2912621359223301,0.03666666666666667,0.4,823,0,betting,11<=K<=20
0.1,179,29,30,4,26,0.13333333333333333,0.9285714285714286,0.0223463687150838,0.4,217,0,betting,K<=2
0.1,146,39,48,5,43,0.10416666666666667,0.7166666666666667,0.03424657534246575,0.4,500,0,betting,3<=K<=5
0.1,17,8,64,18,46,0.28125,0.23834196891191708,0.11459136990005685,0.4,1423,0,betting,K>50
0.1,35,13,58,15,43,0.25862068965517243,0.27741935483870966,0.08299319727891157,0.4,1011,0,betting,21<=K<=50
0.15,99,41,62,8,54,0.12903225806451613,0.5625,0.05252525252525253,0.4,687,0,betting,6<=K<=10
0.15,60,26,49,7,42,0.14285714285714285,0.4077669902912621,0.095,0.4,823,0,betting,11<=K<=20
0.15,179,33,34,7,27,0.20588235294117646,0.9642857142857143,0.03910614525139665,0.4,217,0,betting,K<=2
0.15,146,43,52,7,45,0.1346153846153846,0.75,0.04794520547945205,0.4,500,0,betting,3<=K<=5
0.15,17,14,95,33,62,0.3473684210526316,0.32124352331606215,0.29633699633699634,0.4,1423,0,betting,K>50
0.15,35,20,80,21,59,0.2625,0.38064516129032255,0.14727891156462583,0.4,1011,0,betting,21<=K<=50
0.2,99,41,62,8,54,0.12903225806451613,0.5625,0.05252525252525253,0.4,687,0,betting,6<=K<=10
0.2,60,26,49,7,42,0.14285714285714285,0.4077669902912621,0.095,0.4,823,0,betting,11<=K<=20
0.2,179,33,34,7,27,0.20588235294117646,0.9642857142857143,0.03910614525139665,0.4,217,0,betting,K<=2
0.2,146,43,52,7,45,0.1346153846153846,0.75,0.04794520547945205,0.4,500,0,betting,3<=K<=5
0.2,17,14,95,33,62,0.3473684210526316,0.32124352331606215,0.29633699633699634,0.4,1423,0,betting,K>50
0.2,35,20,80,21,59,0.2625,0.38064516129032255,0.14727891156462583,0.4,1011,0,betting,21<=K<=50
0.05,101,25,34,1,33,0.029411764705882353,0.3235294117647059,0.009900990099009901,0.4,700,1,betting,6<=K<=10
0.05,60,17,30,1,29,0.03333333333333333,0.27358490566037735,0.016666666666666666,0.4,815,1,betting,11<=K<=20
0.05,169,30,30,2,28,0.06666666666666667,0.8484848484848485,0.011834319526627219,0.4,210,1,betting,K<=2
0.05,131,24,25,1,24,0.04,0.48,0.007633587786259542,0.4,453,1,betting,3<=K<=5
0.05,47,18,56,4,52,0.07142857142857142,0.3151515151515151,0.03546099290780142,0.4,1465,1,betting,21<=K<=50
0.05,28,10,40,2,38,0.05,0.12025316455696203,0.005952380952380952,0.4,2629,1,betting,K>50
0.1,101,33,49,6,43,0.12244897959183673,0.4215686274509804,0.05148514851485149,0.4,700,1,betting,6<=K<=10
0.1,60,20,40,2,38,0.05,0.3584905660377358,0.03333333333333333,0.4,815,1,betting,11<=K<=20
0.1,169,33,33,5,28,0.15151515151515152,0.8484848484848485,0.029585798816568046,0.4,210,1,betting,K<=2
0.1,131,29,30,3,27,0.1,0.54,0.022900763358778626,0.4,453,1,betting,3<=K<=5
0.1,47,20,66,6,60,0.09090909090909091,0.36363636363636365,0.040370976541189305,0.4,1465,1,betting,21<=K<=50
0.1,28,13,61,15,46,0.2459016393442623,0.14556962025316456,0.08898809523809524,0.4,2629,1,betting,K>50
0.15,101,38,54,8,46,0.14814814814814814,0.45098039215686275,0.0712871287128713,0.4,700,1,betting,6<=K<=10
0.15,60,26,48,5,43,0.10416666666666667,0.4056603773584906,0.07222222222222222,0.4,815,1,betting,11<=K<=20
0.15,169,33,33,5,28,0.15151515151515152,0.8484848484848485,0.029585798816568046,0.4,210,1,betting,K<=2
0.15,131,34,35,7,28,0.2,0.56,0.05343511450381679,0.4,453,1,betting,3<=K<=5
0.15,47,25,86,10,76,0.11627906976744186,0.46060606060606063,0.05997079682937004,0.4,1465,1,betting,21<=K<=50
0.15,28,16,85,22,63,0.25882352941176473,0.19936708860759494,0.12827380952380954,0.4,2629,1,betting,K>50
0.2,101,38,54,8,46,0.14814814814814814,0.45098039215686275,0.0712871287128713,0.4,700,1,betting,6<=K<=10
0.2,60,26,48,5,43,0.10416666666666667,0.4056603773584906,0.07222222222222222,0.4,815,1,betting,11<=K<=20
0.2,169,33,33,5,28,0.15151515151515152,0.8484848484848485,0.029585798816568046,0.4,210,1,betting,K<=2
0.2,131,34,35,7,28,0.2,0.56,0.05343511450381679,0.4,453,1,betting,3<=K<=5
0.2,47,25,87,10,77,0.11494252873563218,0.4666666666666667,0.05997079682937004,0.4,1465,1,betting,21<=K<=50
0.2,28,18,112,34,78,0.30357142857142855,0.2468354430379747,0.17106009070294784,0.4,2629,1,betting,K>50
0.05,151,31,35,2,33,0.05714285714285714,0.55,0.013245033112582781,0.4,512,2,betting,3<=K<=5
0.05,43,12,34,1,33,0.029411764705882353,0.19186046511627908,0.023255813953488372,0.4,1305,2,betting,21<=K<=50
0.05,172,38,39,1,38,0.02564102564102564,0.8444444444444444,0.005813953488372093,0.4,204,2,betting,K<=2
0.05,93,25,33,2,31,0.06060606060606061,0.30097087378640774,0.016129032258064516,0.4,647,2,betting,6<=K<=10
0.05,28,10,45,8,37,0.17777777777777778,0.14015151515151514,0.028846153846153848,0.4,2660,2,betting,K>50
0.05,49,9,17,0,17,0.0,0.3269230769230769,0.0,0.4,659,2,betting,11<=K<=20
0.1,151,34,42,3,39,0.07142857142857142,0.65,0.019867549668874173,0.4,512,2,betting,3<=K<=5
0.1,43,17,55,4,51,0.07272727272727272,0.29651162790697677,0.06007751937984496,0.4,1305,2,betting,21<=K<=50
0.1,172,41,43,4,39,0.09302325581395349,0.8666666666666667,0.023255813953488372,0.4,204,2,betting,K<=2
0.1,93,33,44,5,39,0.11363636363636363,0.3786407766990291,0.043010752688172046,0.4,647,2,betting,6<=K<=10
0.1,28,14,72,18,54,0.25,0.20454545454545456,0.08993981165033797,0.4,2660,2,betting,K>50
0.1,49,11,23,1,22,0.043478260869565216,0.4230769230769231,0.01020408163265306,0.4,659,2,betting,11<=K<=20
0.15,151,39,47,5,42,0.10638297872340426,0.7,0.033112582781456956,0.4,512,2,betting,3<=K<=5
0.15,43,24,73,6,67,0.0821917808219178,0.38953488372093026,0.0755813953488372,0.4,1305,2,betting,21<=K<=50
0.15,172,42,44,5,39,0.11363636363636363,0.8666666666666667,0.029069767441860465,0.4,204,2,betting,K<=2
0.15,93,39,54,7,47,0.12962962962962962,0.4563106796116505,0.06451612903225806,0.4,647,2,betting,6<=K<=10
0.15,28,15,99,30,69,0.30303030303030304,0.26136363636363635,0.15843620665049238,0.4,2660,2,betting,K>50
0.15,49,15,28,2,26,0.07142857142857142,0.5,0.030612244897959183,0.4,659,2,betting,11<=K<=20
0.2,151,43,52,8,44,0.15384615384615385,0.7333333333333333,0.052980132450331126,0.4,512,2,betting,3<=K<=5
0.2,43,28,86,16,70,0.18604651162790697,0.4069767441860465,0.1533222591362126,0.4,1305,2,betting,21<=K<=50
0.2,172,43,45,5,40,0.1111111111111111,0.8888888888888888,0.029069767441860465,0.4,204,2,betting,K<=2
0.2,93,42,57,7,50,0.12280701754385964,0.4854368932038835,0.06451612903225806,0.4,647,2,betting,6<=K<=10
0.2,28,22,165,76,89,0.46060606060606063,0.3371212121212121,0.29419740768262936,0.4,2660,2,betting,K>50
0.2,49,16,29,2,27,0.06896551724137931,0.5192307692307693,0.030612244897959183,0.4,659,2,betting,11<=K<=20
0.05,174,30,30,2,28,0.06666666666666667,0.875,0.011494252873563218,0.4,222,3,betting,K<=2
0.05,59,15,29,1,28,0.034482758620689655,0.2916666666666667,0.01694915254237288,0.4,813,3,betting,11<=K<=20
0.05,44,20,55,1,54,0.01818181818181818,0.33540372670807456,0.022727272727272728,0.4,1347,3,betting,21<=K<=50
0.05,99,21,25,3,22,0.12,0.3055555555555556,0.020202020202020204,0.4,711,3,betting,6<=K<=10
0.05,135,24,27,2,25,0.07407407407407407,0.46296296296296297,0.014814814814814815,0.4,466,3,betting,3<=K<=5
0.05,25,12,60,8,52,0.13333333333333333,0.1863799283154122,0.06847619047619047,0.4,2494,3,betting,K>50
0.1,174,33,33,5,28,0.15151515151515152,0.875,0.028735632183908046,0.4,222,3,betting,K<=2
0.1,59,20,41,2,39,0.04878048780487805,0.40625,0.025423728813559324,0.4,813,3,betting,11<=K<=20
0.1,44,24,64,3,61,0.046875,0.37888198757763975,0.056818181818181816,0.4,1347,3,betting,21<=K<=50
0.1,99,25,31,5,26,0.16129032258064516,0.3611111111111111,0.03535353535353535,0.4,711,3,betting,6<=K<=10
0.1,135,29,34,2,32,0.058823529411764705,0.5925925925925926,0.014814814814814815,0.4,466,3,betting,3<=K<=5
0.1,25,16,85,15,70,0.17647058823529413,0.25089605734767023,0.10434586466165413,0.4,2494,3,betting,K>50
0.15,174,33,33,5,28,0.15151515151515152,0.875,0.028735632183908046,0.4,222,3,betting,K<=2
0.15,59,21,42,2,40,0.047619047619047616,0.4166666666666667,0.025423728813559324,0.4,813,3,betting,11<=K<=20
0.15,44,25,66,4,62,0.06060606060606061,0.38509316770186336,0.0625,0.4,1347,3,betting,21<=K<=50
0.15,99,26,32,5,27,0.15625,0.375,0.03535353535353535,0.4,711,3,betting,6<=K<=10
0.15,135,29,34,2,32,0.058823529411764705,0.5925925925925926,0.014814814814814815,0.4,466,3,betting,3<=K<=5
0.15,25,16,89,16,73,0.1797752808988764,0.2616487455197133,0.11234586466165414,0.4,2494,3,betting,K>50
0.2,174,37,37,8,29,0.21621621621621623,0.90625,0.04597701149425287,0.4,222,3,betting,K<=2
0.2,59,24,49,3,46,0.061224489795918366,0.4791666666666667,0.0423728813559322,0.4,813,3,betting,11<=K<=20
0.2,44,27,88,12,76,0.13636363636363635,0.4720496894409938,0.10606060606060606,0.4,1347,3,betting,21<=K<=50
0.2,99,34,43,7,36,0.16279069767441862,0.5,0.05555555555555555,0.4,711,3,betting,6<=K<=10
0.2,135,34,40,5,35,0.125,0.6481481481481481,0.03333333333333333,0.4,466,3,betting,3<=K<=5
0.2,25,21,125,35,90,0.28,0.3225806451612903,0.27685514485514484,0.4,2494,3,betting,K>50
0.05,152,28,29,4,25,0.13793103448275862,0.45454545454545453,0.02631578947368421,0.4,535,4,betting,3<=K<=5
0.05,176,32,33,1,32,0.030303030303030304,0.8205128205128205,0.005681818181818182,0.4,219,4,betting,K<=2
0.05,55,11,21,0,21,0.0,0.3230769230769231,0.0,0.4,778,4,betting,11<=K<=20
0.05,93,18,30,2,28,0.06666666666666667,0.3181818181818182,0.010752688172043012,0.4,642,4,betting,6<=K<=10
0.05,19,5,26,1,25,0.038461538461538464,0.12077294685990338,0.0043859649122807015,0.4,1812,4,betting,K>50
0.05,41,11,31,2,29,0.06451612903225806,0.2283464566929134,0.013937282229965157,0.4,1233,4,betting,21<=K<=50
0.1,152,32,36,6,30,0.16666666666666666,0.5454545454545454,0.03618421052631579,0.4,535,4,betting,3<=K<=5
0.1,176,35,36,4,32,0.1111111111111111,0.8205128205128205,0.022727272727272728,0.4,219,4,betting,K<=2
0.1,55,15,31,1,30,0.03225806451612903,0.46153846153846156,0.00909090909090909,0.4,778,4,betting,11<=K<=20
0.1,93,28,40,4,36,0.1,0.4090909090909091,0.03225806451612903,0.4,642,4,betting,6<=K<=10
0.1,19,7,33,3,30,0.09090909090909091,0.14492753623188406,0.06015037593984962,0.4,1812,4,betting,K>50
0.1,41,17,43,9,34,0.20930232558139536,0.2677165354330709,0.09930313588850173,0.4,1233,4,betting,21<=K<=50
0.15,152,32,36,6,30,0.16666666666666666,0.5454545454545454,0.03618421052631579,0.4,535,4,betting,3<=K<=5
0.15,176,35,36,4,32,0.1111111111111111,0.8205128205128205,0.022727272727272728,0.4,219,4,betting,K<=2
0.15,55,15,32,1,31,0.03125,0.47692307692307695,0.00909090909090909,0.4,778,4,betting,11<=K<=20
0.15,93,28,40,4,36,0.1,0.4090909090909091,0.03225806451612903,0.4,642,4,betting,6<=K<=10
0.15,19,9,45,13,32,0.28888888888888886,0.15458937198067632,0.1456766917293233,0.4,1812,4,betting,K>50
0.15,41,17,43,9,34,0.20930232558139536,0.2677165354330709,0.09930313588850173,0.4,1233,4,betting,21<=K<=50
0.2,152,32,36,6,30,0.16666666666666666,0.5454545454545454,0.03618421052631579,0.4,535,4,betting,3<=K<=5
0.2,176,37,38,5,33,0.13157894736842105,0.8461538461538461,0.028409090909090908,0.4,219,4,betting,K<=2
0.2,55,16,34,3,31,0.08823529411764706,0.47692307692307695,0.031818181818181815,0.4,778,4,betting,11<=K<=20
0.2,93,31,47,4,43,0.0851063829787234,0.48863636363636365,0.03225806451612903,0.4,642,4,betting,6<=K<=10
0.2,19,12,60,21,39,0.35,0.18840579710144928,0.2308042834358624,0.4,1812,4,betting,K>50
0.2,41,23,53,9,44,0.16981132075471697,0.3464566929133858,0.08710801393728222,0.4,1233,4,betting,21<=K<=50
0.05,97,33,51,8,43,0.1568627450980392,0.3706896551724138,0.060137457044673534,0.4,654,5,betting,6<=K<=10
0.05,186,46,47,7,40,0.14893617021276595,0.851063829787234,0.03494623655913978,0.4,219,5,betting,K<=2
0.05,53,16,26,2,24,0.07692307692307693,0.34285714285714286,0.02830188679245283,0.4,739,5,betting,11<=K<=20
0.05,137,26,35,3,32,0.08571428571428572,0.5818181818181818,0.021897810218978103,0.4,491,5,betting,3<=K<=5
0.05,22,8,52,13,39,0.25,0.15234375,0.05492742551566081,0.4,2236,5,betting,K>50
0.05,41,22,57,0,57,0.0,0.2714285714285714,0.0,0.4,1310,5,betting,21<=K<=50
0.1,97,42,69,12,57,0.17391304347826086,0.49137931034482757,0.0822287677957781,0.4,654,5,betting,6<=K<=10
0.1,186,48,49,9,40,0.1836734693877551,0.851063829787234,0.0456989247311828,0.4,219,5,betting,K<=2
0.1,53,19,31,3,28,0.0967741935483871,0.4,0.04716981132075472,0.4,739,5,betting,11<=K<=20
0.1,137,31,40,6,34,0.15,0.6181818181818182,0.043795620437956206,0.4,491,5,betting,3<=K<=5
0.1,22,12,108,35,73,0.32407407407407407,0.28515625,0.11414867022077649,0.4,2236,5,betting,K>50
0.1,41,26,77,4,73,0.05194805194805195,0.3476190476190476,0.03542392566782811,0.4,1310,5,betting,21<=K<=50
0.15,97,44,72,13,59,0.18055555555555555,0.5086206896551724,0.09253804614629357,0.4,654,5,betting,6<=K<=10
0.15,186,49,50,10,40,0.2,0.851063829787234,0.051075268817204304,0.4,219,5,betting,K<=2
0.15,53,19,31,3,28,0.0967741935483871,0.4,0.04716981132075472,0.4,739,5,betting,11<=K<=20
0.15,137,31,40,6,34,0.15,0.6181818181818182,0.043795620437956206,0.4,491,5,betting,3<=K<=5
0.15,22,16,166,76,90,0.4578313253012048,0.3515625,0.22401804373787132,0.4,2236,5,betting,K>50
0.15,41,27,81,7,74,0.08641975308641975,0.3523809523809524,0.05981416957026713,0.4,1310,5,betting,21<=K<=50
0.2,97,44,72,13,59,0.18055555555555555,0.5086206896551724,0.09253804614629357,0.4,654,5,betting,6<=K<=10
0.2,186,49,50,10,40,0.2,0.851063829787234,0.051075268817204304,0.4,219,5,betting,K<=2
0.2,53,19,31,3,28,0.0967741935483871,0.4,0.04716981132075472,0.4,739,5,betting,11<=K<=20
0.2,137,31,40,6,34,0.15,0.6181818181818182,0.043795620437956206,0.4,491,5,betting,3<=K<=5
0.2,22,16,166,76,90,0.4578313253012048,0.3515625,0.22401804373787132,0.4,2236,5,betting,K>50
0.2,41,27,81,7,74,0.08641975308641975,0.3523809523809524,0.05981416957026713,0.4,1310,5,betting,21<=K<=50
0.05,96,29,41,5,36,0.12195121951219512,0.3564356435643564,0.03854166666666667,0.4,680,6,betting,6<=K<=10
0.05,143,33,39,3,36,0.07692307692307693,0.5294117647058824,0.02097902097902098,0.4,488,6,betting,3<=K<=5
0.05,178,42,42,2,40,0.047619047619047616,0.851063829787234,0.011235955056179775,0.4,221,6,betting,K<=2
0.05,41,13,25,0,25,0.0,0.176056338028169,0.0,0.4,1187,6,betting,21<=K<=50
0.05,51,15,30,2,28,0.06666666666666667,0.3783783783783784,0.029411764705882353,0.4,713,6,betting,11<=K<=20
0.05,27,7,27,4,23,0.14814814814814814,0.06948640483383686,0.020892687559354226,0.4,2384,6,betting,K>50
0.1,96,30,43,5,38,0.11627906976744186,0.37623762376237624,0.03854166666666667,0.4,680,6,betting,6<=K<=10
0.1,143,34,40,3,37,0.075,0.5441176470588235,0.02097902097902098,0.4,488,6,betting,3<=K<=5
0.1,178,42,42,2,40,0.047619047619047616,0.851063829787234,0.011235955056179775,0.4,221,6,betting,K<=2
0.1,41,15,28,0,28,0.0,0.19718309859154928,0.0,0.4,1187,6,betting,21<=K<=50
0.1,51,15,30,2,28,0.06666666666666667,0.3783783783783784,0.029411764705882353,0.4,713,6,betting,11<=K<=20
0.1,27,10,35,4,31,0.11428571428571428,0.09365558912386707,0.020892687559354226,0.4,2384,6,betting,K>50
0.15,96,35,49,5,44,0.10204081632653061,0.43564356435643564,0.03854166666666667,0.4,680,6,betting,6<=K<=10
0.15,143,40,46,4,42,0.08695652173913043,0.6176470588235294,0.027972027972027972,0.4,488,6,betting,3<=K<=5
0.15,178,44,44,3,41,0.06818181818181818,0.8723404255319149,0.016853932584269662,0.4,221,6,betting,K<=2
0.15,41,20,41,1,40,0.024390243902439025,0.28169014084507044,0.012195121951219513,0.4,1187,6,betting,21<=K<=50
0.15,51,20,40,5,35,0.125,0.47297297297297297,0.07516339869281045,0.4,713,6,betting,11<=K<=20
0.15,27,14,57,12,45,0.21052631578947367,0.13595166163141995,0.08862433862433862,0.4,2384,6,betting,K>50
0.2,96,37,54,6,48,0.1111111111111111,0.4752475247524752,0.043750000000000004,0.4,680,6,betting,6<=K<=10
0.2,143,44,52,7,45,0.1346153846153846,0.6617647058823529,0.045454545454545456,0.4,488,6,betting,3<=K<=5
0.2,178,46,46,4,42,0.08695652173913043,0.8936170212765957,0.02247191011235955,0.4,221,6,betting,K<=2
0.2,41,23,56,4,52,0.07142857142857142,0.36619718309859156,0.036585365853658534,0.4,1187,6,betting,21<=K<=50
0.2,51,20,40,5,35,0.125,0.47297297297297297,0.07516339869281045,0.4,713,6,betting,11<=K<=20
0.2,27,23,102,24,78,0.23529411764705882,0.23564954682779457,0.20257936507936508,0.4,2384,6,betting,K>50
0.05,132,24,30,1,29,0.03333333333333333,0.5370370370370371,0.007575757575757576,0.4,472,7,betting,3<=K<=5
0.05,53,15,44,0,44,0.0,0.21256038647342995,0.0,0.4,1575,7,betting,21<=K<=50
0.05,65,17,32,2,30,0.0625,0.26785714285714285,0.03076923076923077,0.4,895,7,betting,11<=K<=20
0.05,164,33,34,1,33,0.029411764705882353,0.825,0.006097560975609756,0.4,198,7,betting,K<=2
0.05,98,20,28,0,28,0.0,0.27184466019417475,0.0,0.4,695,7,betting,6<=K<=10
0.05,24,6,43,6,37,0.13953488372093023,0.13962264150943396,0.018207282913165267,0.4,2247,7,betting,K>50
0.1,132,24,32,1,31,0.03125,0.5740740740740741,0.007575757575757576,0.4,472,7,betting,3<=K<=5
0.1,53,19,60,1,59,0.016666666666666666,0.28502415458937197,0.018867924528301886,0.4,1575,7,betting,21<=K<=50
0.1,65,20,46,4,42,0.08695652173913043,0.375,0.046153846153846156,0.4,895,7,betting,11<=K<=20
0.1,164,35,36,2,34,0.05555555555555555,0.85,0.012195121951219513,0.4,198,7,betting,K<=2
0.1,98,30,49,6,43,0.12244897959183673,0.4174757281553398,0.030952380952380957,0.4,695,7,betting,6<=K<=10
0.1,24,10,74,15,59,0.20270270270270271,0.22264150943396227,0.05203688219992567,0.4,2247,7,betting,K>50
0.15,132,33,41,7,34,0.17073170731707318,0.6296296296296297,0.05303030303030303,0.4,472,7,betting,3<=K<=5
0.15,53,29,83,9,74,0.10843373493975904,0.357487922705314,0.09182389937106918,0.4,1575,7,betting,21<=K<=50
0.15,65,26,57,7,50,0.12280701754385964,0.44642857142857145,0.07051282051282053,0.4,895,7,betting,11<=K<=20
0.15,164,39,40,6,34,0.15,0.85,0.036585365853658534,0.4,198,7,betting,K<=2
0.15,98,38,63,8,55,0.12698412698412698,0.5339805825242718,0.044557823129251696,0.4,695,7,betting,6<=K<=10
0.15,24,22,159,57,102,0.3584905660377358,0.3849056603773585,0.3253838464775965,0.4,2247,7,betting,K>50
0.2,132,33,41,7,34,0.17073170731707318,0.6296296296296297,0.05303030303030303,0.4,472,7,betting,3<=K<=5
0.2,53,29,83,9,74,0.10843373493975904,0.357487922705314,0.09182389937106918,0.4,1575,7,betting,21<=K<=50
0.2,65,26,57,7,50,0.12280701754385964,0.44642857142857145,0.07051282051282053,0.4,895,7,betting,11<=K<=20
0.2,164,39,40,6,34,0.15,0.85,0.036585365853658534,0.4,198,7,betting,K<=2
0.2,98,38,63,8,55,0.12698412698412698,0.5339805825242718,0.044557823129251696,0.4,695,7,betting,6<=K<=10
0.2,24,22,159,57,102,0.3584905660377358,0.3849056603773585,0.3253838464775965,0.4,2247,7,betting,K>50
0.05,92,21,30,2,28,0.06666666666666667,0.28865979381443296,0.016304347826086956,0.4,651,8,betting,6<=K<=10
0.05,188,42,43,1,42,0.023255813953488372,0.8571428571428571,0.005319148936170213,0.4,228,8,betting,K<=2
0.05,125,29,34,1,33,0.029411764705882353,0.5789473684210527,0.008,0.4,441,8,betting,3<=K<=5
0.05,63,12,18,0,18,0.0,0.21951219512195122,0.0,0.4,862,8,betting,11<=K<=20
0.05,41,11,23,1,22,0.043478260869565216,0.15942028985507245,0.024390243902439025,0.4,1236,8,betting,21<=K<=50
0.05,27,10,58,9,49,0.15517241379310345,0.1644295302013423,0.05543345543345543,0.4,2139,8,betting,K>50
0.1,92,28,43,7,36,0.16279069767441862,0.3711340206185567,0.05253623188405797,0.4,651,8,betting,6<=K<=10
0.1,188,45,46,4,42,0.08695652173913043,0.8571428571428571,0.02127659574468085,0.4,228,8,betting,K<=2
0.1,125,32,37,2,35,0.05405405405405406,0.6140350877192983,0.016,0.4,441,8,betting,3<=K<=5
0.1,63,21,31,3,28,0.0967741935483871,0.34146341463414637,0.026455026455026454,0.4,862,8,betting,11<=K<=20
0.1,41,18,39,5,34,0.1282051282051282,0.2463768115942029,0.05447154471544716,0.4,1236,8,betting,21<=K<=50
0.1,27,12,69,12,57,0.17391304347826086,0.1912751677852349,0.07654320987654321,0.4,2139,8,betting,K>50
0.15,92,28,43,7,36,0.16279069767441862,0.3711340206185567,0.05253623188405797,0.4,651,8,betting,6<=K<=10
0.15,188,45,46,4,42,0.08695652173913043,0.8571428571428571,0.02127659574468085,0.4,228,8,betting,K<=2
0.15,125,32,37,2,35,0.05405405405405406,0.6140350877192983,0.016,0.4,441,8,betting,3<=K<=5
0.15,63,21,31,3,28,0.0967741935483871,0.34146341463414637,0.026455026455026454,0.4,862,8,betting,11<=K<=20
0.15,41,18,42,5,37,0.11904761904761904,0.26811594202898553,0.05447154471544716,0.4,1236,8,betting,21<=K<=50
0.15,27,13,94,22,72,0.23404255319148937,0.24161073825503357,0.10149911816578483,0.4,2139,8,betting,K>50
0.2,92,34,50,8,42,0.16,0.4329896907216495,0.06340579710144928,0.4,651,8,betting,6<=K<=10
0.2,188,45,46,4,42,0.08695652173913043,0.8571428571428571,0.02127659574468085,0.4,228,8,betting,K<=2
0.2,125,34,39,4,35,0.10256410256410256,0.6140350877192983,0.032,0.4,441,8,betting,3<=K<=5
0.2,63,23,36,5,31,0.1388888888888889,0.3780487804878049,0.047619047619047616,0.4,862,8,betting,11<=K<=20
0.2,41,23,58,10,48,0.1724137931034483,0.34782608695652173,0.09477351916376306,0.4,1236,8,betting,21<=K<=50
0.2,27,18,136,40,96,0.29411764705882354,0.3221476510067114,0.18758217091550425,0.4,2139,8,betting,K>50
0.05,82,21,32,0,32,0.0,0.38095238095238093,0.0,0.4,568,9,betting,6<=K<=10
0.05,141,28,35,3,32,0.08571428571428572,0.5245901639344263,0.02127659574468085,0.4,482,9,betting,3<=K<=5
0.05,40,13,52,5,47,0.09615384615384616,0.29012345679012347,0.010833333333333334,0.4,1231,9,betting,21<=K<=50
0.05,184,37,39,3,36,0.07692307692307693,0.8780487804878049,0.01358695652173913,0.4,218,9,betting,K<=2
0.05,26,10,59,11,48,0.1864406779661017,0.1553398058252427,0.0316935452682059,0.4,2516,9,betting,K>50
0.05,63,24,46,3,43,0.06521739130434782,0.33076923076923076,0.047619047619047616,0.4,857,9,betting,11<=K<=20
0.1,82,25,37,0,37,0.0,0.44047619047619047,0.0,0.4,568,9,betting,6<=K<=10
0.1,141,29,38,3,35,0.07894736842105263,0.5737704918032787,0.02127659574468085,0.4,482,9,betting,3<=K<=5
0.1,40,15,56,5,51,0.08928571428571429,0.3148148148148148,0.010833333333333334,0.4,1231,9,betting,21<=K<=50
0.1,184,38,40,4,36,0.1,0.8780487804878049,0.019021739130434784,0.4,218,9,betting,K<=2
0.1,26,12,77,19,58,0.24675324675324675,0.18770226537216828,0.03841866049223908,0.4,2516,9,betting,K>50
0.1,63,28,55,3,52,0.05454545454545454,0.4,0.047619047619047616,0.4,857,9,betting,11<=K<=20
0.15,82,34,51,4,47,0.0784313725490196,0.5595238095238095,0.036585365853658534,0.4,568,9,betting,6<=K<=10
0.15,141,37,47,7,40,0.14893617021276595,0.6557377049180327,0.04964539007092199,0.4,482,9,betting,3<=K<=5
0.15,40,25,82,12,70,0.14634146341463414,0.43209876543209874,0.08214285714285714,0.4,1231,9,betting,21<=K<=50
0.15,184,41,43,6,37,0.13953488372093023,0.9024390243902439,0.029891304347826088,0.4,218,9,betting,K<=2
0.15,26,21,145,50,95,0.3448275862068966,0.3074433656957929,0.2547962454212454,0.4,2516,9,betting,K>50
0.15,63,32,66,5,61,0.07575757575757576,0.46923076923076923,0.06746031746031746,0.4,857,9,betting,11<=K<=20
0.2,82,34,51,4,47,0.0784313725490196,0.5595238095238095,0.036585365853658534,0.4,568,9,betting,6<=K<=10
0.2,141,37,47,7,40,0.14893617021276595,0.6557377049180327,0.04964539007092199,0.4,482,9,betting,3<=K<=5
0.2,40,25,82,12,70,0.14634146341463414,0.43209876543209874,0.08214285714285714,0.4,1231,9,betting,21<=K<=50
0.2,184,41,43,6,37,0.13953488372093023,0.9024390243902439,0.029891304347826088,0.4,218,9,betting,K<=2
0.2,26,21,145,50,95,0.3448275862068966,0.3074433656957929,0.2547962454212454,0.4,2516,9,betting,K>50
0.2,63,32,66,5,61,0.07575757575757576,0.46923076923076923,0.06746031746031746,0.4,857,9,betting,11<=K<=20
0.05,98,22,32,1,31,0.03125,0.30392156862745096,0.01020408163265306,0.4,689,10,betting,6<=K<=10
0.05,172,42,42,3,39,0.07142857142857142,0.8297872340425532,0.01744186046511628,0.4,203,10,betting,K<=2
0.05,146,29,31,2,29,0.06451612903225806,0.453125,0.0136986301369863,0.4,502,10,betting,3<=K<=5
0.05,41,14,38,2,36,0.05263157894736842,0.2482758620689655,0.036585365853658534,0.4,1247,10,betting,21<=K<=50
0.05,56,16,24,0,24,0.0,0.21818181818181817,0.0,0.4,775,10,betting,11<=K<=20
0.05,23,5,20,0,20,0.0,0.09216589861751152,0.0,0.4,2301,10,betting,K>50
0.1,98,26,43,4,39,0.09302325581395349,0.38235294117647056,0.02891156462585034,0.4,689,10,betting,6<=K<=10
0.1,172,43,43,4,39,0.09302325581395349,0.8297872340425532,0.023255813953488372,0.4,203,10,betting,K<=2
0.1,146,31,34,3,31,0.08823529411764706,0.484375,0.02054794520547945,0.4,502,10,betting,3<=K<=5
0.1,41,17,51,2,49,0.0392156862745098,0.33793103448275863,0.036585365853658534,0.4,1247,10,betting,21<=K<=50
0.1,56,21,41,2,39,0.04878048780487805,0.35454545454545455,0.026785714285714284,0.4,775,10,betting,11<=K<=20
0.1,23,8,30,3,27,0.1,0.12442396313364056,0.025083612040133776,0.4,2301,10,betting,K>50
0.15,98,35,59,7,52,0.11864406779661017,0.5098039215686274,0.0456754130223518,0.4,689,10,betting,6<=K<=10
0.15,172,48,48,8,40,0.16666666666666666,0.851063829787234,0.046511627906976744,0.4,203,10,betting,K<=2
0.15,146,37,42,6,36,0.14285714285714285,0.5625,0.0410958904109589,0.4,502,10,betting,3<=K<=5
0.15,41,21,69,10,59,0.14492753623188406,0.4068965517241379,0.08617886178861789,0.4,1247,10,betting,21<=K<=50
0.15,56,29,55,8,47,0.14545454545454545,0.42727272727272725,0.07738095238095237,0.4,775,10,betting,11<=K<=20
0.15,23,17,85,26,59,0.3058823529411765,0.271889400921659,0.1984066972724818,0.4,2301,10,betting,K>50
0.2,98,35,59,7,52,0.11864406779661017,0.5098039215686274,0.0456754130223518,0.4,689,10,betting,6<=K<=10
0.2,172,48,48,8,40,0.16666666666666666,0.851063829787234,0.046511627906976744,0.4,203,10,betting,K<=2
0.2,146,37,42,6,36,0.14285714285714285,0.5625,0.0410958904109589,0.4,502,10,betting,3<=K<=5
0.2,41,21,69,10,59,0.14492753623188406,0.4068965517241379,0.08617886178861789,0.4,1247,10,betting,21<=K<=50
0.2,56,29,55,8,47,0.14545454545454545,0.42727272727272725,0.07738095238095237,0.4,775,10,betting,11<=K<=20
0.2,23,17,85,26,59,0.3058823529411765,0.271889400921659,0.1984066972724818,0.4,2301,10,betting,K>50
0.05,89,18,26,2,24,0.07692307692307693,0.27906976744186046,0.016853932584269662,0.4,626,11,betting,6<=K<=10
0.05,172,35,37,2,35,0.05405405405405406,0.9210526315789473,0.00872093023255814,0.4,197,11,betting,K<=2
0.05,144,25,33,3,30,0.09090909090909091,0.5454545454545454,0.020833333333333332,0.4,510,11,betting,3<=K<=5
0.05,68,13,26,0,26,0.0,0.29545454545454547,0.0,0.4,936,11,betting,11<=K<=20
0.05,37,13,31,2,29,0.06451612903225806,0.1870967741935484,0.05405405405405406,0.4,1133,11,betting,21<=K<=50
0.05,26,8,53,9,44,0.16981132075471697,0.19383259911894274,0.026269482151835093,0.4,2322,11,betting,K>50
0.1,89,22,32,4,28,0.125,0.32558139534883723,0.033707865168539325,0.4,626,11,betting,6<=K<=10
0.1,172,39,41,5,36,0.12195121951219512,0.9473684210526315,0.02616279069767442,0.4,197,11,betting,K<=2
0.1,144,28,36,3,33,0.08333333333333333,0.6,0.020833333333333332,0.4,510,11,betting,3<=K<=5
0.1,68,22,41,2,39,0.04878048780487805,0.4431818181818182,0.0196078431372549,0.4,936,11,betting,11<=K<=20
0.1,37,17,40,4,36,0.1,0.23225806451612904,0.060810810810810814,0.4,1133,11,betting,21<=K<=50
0.1,26,10,72,19,53,0.2638888888888889,0.23348017621145375,0.04381163708086785,0.4,2322,11,betting,K>50
0.15,89,25,36,4,32,0.1111111111111111,0.37209302325581395,0.033707865168539325,0.4,626,11,betting,6<=K<=10
0.15,172,43,45,8,37,0.17777777777777778,0.9736842105263158,0.0436046511627907,0.4,197,11,betting,K<=2
0.15,144,31,40,4,36,0.1,0.6545454545454545,0.020833333333333332,0.4,510,11,betting,3<=K<=5
0.15,68,25,49,4,45,0.08163265306122448,0.5113636363636364,0.02941176470588235,0.4,936,11,betting,11<=K<=20
0.15,37,23,55,4,51,0.07272727272727272,0.32903225806451614,0.060810810810810814,0.4,1133,11,betting,21<=K<=50
0.15,26,14,85,24,61,0.2823529411764706,0.2687224669603524,0.11021062271062271,0.4,2322,11,betting,K>50
0.2,89,25,36,4,32,0.1111111111111111,0.37209302325581395,0.033707865168539325,0.4,626,11,betting,6<=K<=10
0.2,172,43,45,8,37,0.17777777777777778,0.9736842105263158,0.0436046511627907,0.4,197,11,betting,K<=2
0.2,144,31,40,4,36,0.1,0.6545454545454545,0.020833333333333332,0.4,510,11,betting,3<=K<=5
0.2,68,25,49,4,45,0.08163265306122448,0.5113636363636364,0.02941176470588235,0.4,936,11,betting,11<=K<=20
0.2,37,23,56,4,52,0.07142857142857142,0.33548387096774196,0.060810810810810814,0.4,1133,11,betting,21<=K<=50
0.2,26,15,101,35,66,0.3465346534653465,0.2907488986784141,0.13467643467643467,0.4,2322,11,betting,K>50
0.05,173,34,34,2,32,0.058823529411764705,0.7441860465116279,0.011560693641618497,0.4,212,12,betting,K<=2
0.05,98,26,35,3,32,0.08571428571428572,0.35555555555555557,0.02040816326530612,0.4,697,12,betting,6<=K<=10
0.05,72,19,34,1,33,0.029411764705882353,0.35106382978723405,0.013888888888888888,0.4,954,12,betting,11<=K<=20
0.05,134,24,29,3,26,0.10344827586206896,0.5,0.022388059701492536,0.4,477,12,betting,3<=K<=5
0.05,19,6,44,7,37,0.1590909090909091,0.19786096256684493,0.04751461988304093,0.4,1833,12,betting,K>50
0.05,40,15,46,9,37,0.1956521739130435,0.25874125874125875,0.06458333333333334,0.4,1249,12,betting,21<=K<=50
0.1,173,37,37,5,32,0.13513513513513514,0.7441860465116279,0.028901734104046242,0.4,212,12,betting,K<=2
0.1,98,31,41,4,37,0.0975609756097561,0.4111111111111111,0.030612244897959183,0.4,697,12,betting,6<=K<=10
0.1,72,24,42,2,40,0.047619047619047616,0.425531914893617,0.020833333333333332,0.4,954,12,betting,11<=K<=20
0.1,134,28,33,5,28,0.15151515151515152,0.5384615384615384,0.03731343283582089,0.4,477,12,betting,3<=K<=5
0.1,19,9,61,14,47,0.22950819672131148,0.25133689839572193,0.06359649122807016,0.4,1833,12,betting,K>50
0.1,40,16,53,13,40,0.24528301886792453,0.27972027972027974,0.07291666666666666,0.4,1249,12,betting,21<=K<=50
0.15,173,38,38,6,32,0.15789473684210525,0.7441860465116279,0.03468208092485549,0.4,212,12,betting,K<=2
0.15,98,35,48,7,41,0.14583333333333334,0.45555555555555555,0.04591836734693878,0.4,697,12,betting,6<=K<=10
0.15,72,27,49,2,47,0.04081632653061224,0.5,0.020833333333333332,0.4,954,12,betting,11<=K<=20
0.15,134,30,35,6,29,0.17142857142857143,0.5576923076923077,0.04477611940298507,0.4,477,12,betting,3<=K<=5
0.15,19,11,85,29,56,0.3411764705882353,0.2994652406417112,0.19537786774628882,0.4,1833,12,betting,K>50
0.15,40,16,65,19,46,0.2923076923076923,0.32167832167832167,0.11041666666666665,0.4,1249,12,betting,21<=K<=50
0.2,173,42,42,7,35,0.16666666666666666,0.813953488372093,0.04046242774566474,0.4,212,12,betting,K<=2
0.2,98,36,49,7,42,0.14285714285714285,0.4666666666666667,0.04591836734693878,0.4,697,12,betting,6<=K<=10
0.2,72,29,53,4,49,0.07547169811320754,0.5212765957446809,0.041666666666666664,0.4,954,12,betting,11<=K<=20
0.2,134,31,36,7,29,0.19444444444444445,0.5576923076923077,0.05223880597014925,0.4,477,12,betting,3<=K<=5
0.2,19,14,112,38,74,0.3392857142857143,0.39572192513368987,0.2351804993252362,0.4,1833,12,betting,K>50
0.2,40,20,72,22,50,0.3055555555555556,0.34965034965034963,0.16291666666666668,0.4,1249,12,betting,21<=K<=50
0.05,88,19,35,4,31,0.11428571428571428,0.36904761904761907,0.03409090909090909,0.4,611,13,betting,6<=K<=10
0.05,27,9,41,6,35,0.14634146341463414,0.3181818181818182,0.016049382716049384,0.4,799,13,betting,21<=K<=50
0.05,134,26,35,2,33,0.05714285714285714,0.55,0.014925373134328358,0.4,482,13,betting,3<=K<=5
0.05,66,18,38,0,38,0.0,0.30158730158730157,0.0,0.4,881,13,betting,11<=K<=20
0.05,27,9,37,5,32,0.13513513513513514,0.10491803278688525,0.018518518518518517,0.4,2720,13,betting,K>50
0.05,194,34,35,3,32,0.08571428571428572,0.8421052631578947,0.01288659793814433,0.4,239,13,betting,K<=2
0.1,88,26,49,11,38,0.22448979591836735,0.4523809523809524,0.08685064935064934,0.4,611,13,betting,6<=K<=10
0.1,27,12,58,12,46,0.20689655172413793,0.41818181818181815,0.05501089324618737,0.4,799,13,betting,21<=K<=50
0.1,134,30,41,5,36,0.12195121951219512,0.6,0.033582089552238806,0.4,482,13,betting,3<=K<=5
0.1,66,28,55,4,51,0.07272727272727272,0.40476190476190477,0.04924242424242424,0.4,881,13,betting,11<=K<=20
0.1,27,11,67,20,47,0.29850746268656714,0.1540983606557377,0.08762683060928673,0.4,2720,13,betting,K>50
0.1,194,34,35,3,32,0.08571428571428572,0.8421052631578947,0.01288659793814433,0.4,239,13,betting,K<=2
0.15,88,29,54,13,41,0.24074074074074073,0.4880952380952381,0.10389610389610389,0.4,611,13,betting,6<=K<=10
0.15,27,14,60,13,47,0.21666666666666667,0.42727272727272725,0.09204793028322439,0.4,799,13,betting,21<=K<=50
0.15,134,31,42,6,36,0.14285714285714285,0.6,0.041044776119402986,0.4,482,13,betting,3<=K<=5
0.15,66,32,61,8,53,0.13114754098360656,0.42063492063492064,0.07954545454545454,0.4,881,13,betting,11<=K<=20
0.15,27,20,151,69,82,0.45695364238410596,0.26885245901639343,0.2532839491399685,0.4,2720,13,betting,K>50
0.15,194,35,36,3,33,0.08333333333333333,0.868421052631579,0.01288659793814433,0.4,239,13,betting,K<=2
0.2,88,29,54,13,41,0.24074074074074073,0.4880952380952381,0.10389610389610389,0.4,611,13,betting,6<=K<=10
0.2,27,14,60,13,47,0.21666666666666667,0.42727272727272725,0.09204793028322439,0.4,799,13,betting,21<=K<=50
0.2,134,31,42,6,36,0.14285714285714285,0.6,0.041044776119402986,0.4,482,13,betting,3<=K<=5
0.2,66,32,61,8,53,0.13114754098360656,0.42063492063492064,0.07954545454545454,0.4,881,13,betting,11<=K<=20
0.2,27,20,151,69,82,0.45695364238410596,0.26885245901639343,0.2532839491399685,0.4,2720,13,betting,K>50
0.2,194,35,36,3,33,0.08333333333333333,0.868421052631579,0.01288659793814433,0.4,239,13,betting,K<=2
0.05,133,30,34,4,30,0.11764705882352941,0.6,0.03007518796992481,0.4,461,14,betting,3<=K<=5
0.05,63,13,29,1,28,0.034482758620689655,0.29473684210526313,0.015873015873015872,0.4,853,14,betting,11<=K<=20
0.05,190,37,39,2,37,0.05128205128205128,0.8809523809523809,0.010526315789473684,0.4,238,14,betting,K<=2
0.05,41,13,28,1,27,0.03571428571428571,0.23684210526315788,0.012195121951219513,0.4,1218,14,betting,21<=K<=50
0.05,92,23,33,1,32,0.030303030303030304,0.32323232323232326,0.010869565217391304,0.4,630,14,betting,6<=K<=10
0.05,17,6,44,4,40,0.09090909090909091,0.20408163265306123,0.023529411764705882,0.4,1519,14,betting,K>50
0.1,133,35,40,7,33,0.175,0.66,0.05263157894736842,0.4,461,14,betting,3<=K<=5
0.1,63,18,40,3,37,0.075,0.3894736842105263,0.026455026455026454,0.4,853,14,betting,11<=K<=20
0.1,190,40,42,3,39,0.07142857142857142,0.9285714285714286,0.015789473684210527,0.4,238,14,betting,K<=2
0.1,41,17,36,3,33,0.08333333333333333,0.2894736842105263,0.022357723577235773,0.4,1218,14,betting,21<=K<=50
0.1,92,27,40,3,37,0.075,0.37373737373737376,0.02717391304347826,0.4,630,14,betting,6<=K<=10
0.1,17,6,65,16,49,0.24615384615384617,0.25,0.079113007432075,0.4,1519,14,betting,K>50
0.15,133,36,42,9,33,0.21428571428571427,0.66,0.06390977443609022,0.4,461,14,betting,3<=K<=5
0.15,63,22,46,5,41,0.10869565217391304,0.43157894736842106,0.046296296296296294,0.4,853,14,betting,11<=K<=20
0.15,190,42,44,4,40,0.09090909090909091,0.9523809523809523,0.021052631578947368,0.4,238,14,betting,K<=2
0.15,41,20,48,4,44,0.08333333333333333,0.38596491228070173,0.03455284552845528,0.4,1218,14,betting,21<=K<=50
0.15,92,37,55,7,48,0.12727272727272726,0.48484848484848486,0.059782608695652176,0.4,630,14,betting,6<=K<=10
0.15,17,11,107,36,71,0.3364485981308411,0.3622448979591837,0.21344448465191496,0.4,1519,14,betting,K>50
0.2,133,36,42,9,33,0.21428571428571427,0.66,0.06390977443609022,0.4,461,14,betting,3<=K<=5
0.2,63,24,50,7,43,0.14,0.45263157894736844,0.0701058201058201,0.4,853,14,betting,11<=K<=20
0.2,190,43,45,4,41,0.08888888888888889,0.9761904761904762,0.021052631578947368,0.4,238,14,betting,K<=2
0.2,41,21,50,5,45,0.1,0.39473684210526316,0.046747967479674794,0.4,1218,14,betting,21<=K<=50
0.2,92,38,56,8,48,0.14285714285714285,0.48484848484848486,0.07065217391304347,0.4,630,14,betting,6<=K<=10
0.2,17,13,122,42,80,0.3442622950819672,0.40816326530612246,0.21484504487600461,0.4,1519,14,betting,K>50
0.05,86,20,36,2,34,0.05555555555555555,0.4473684210526316,0.011627906976744186,0.4,595,15,betting,6<=K<=10
0.05,136,35,42,2,40,0.047619047619047616,0.5555555555555556,0.014705882352941176,0.4,474,15,betting,3<=K<=5
0.05,41,12,51,10,41,0.19607843137254902,0.3333333333333333,0.03048780487804878,0.4,1152,15,betting,21<=K<=50
0.05,68,15,26,0,26,0.0,0.3170731707317073,0.0,0.4,941,15,betting,11<=K<=20
0.05,183,38,40,3,37,0.075,0.8809523809523809,0.01639344262295082,0.4,226,15,betting,K<=2
0.05,22,7,45,10,35,0.2222222222222222,0.15555555555555556,0.09579346092503987,0.4,2267,15,betting,K>50
0.1,86,24,42,3,39,0.07142857142857142,0.5131578947368421,0.023255813953488372,0.4,595,15,betting,6<=K<=10
0.1,136,40,49,5,44,0.10204081632653061,0.6111111111111112,0.029411764705882353,0.4,474,15,betting,3<=K<=5
0.1,41,19,67,16,51,0.23880597014925373,0.4146341463414634,0.06707317073170731,0.4,1152,15,betting,21<=K<=50
0.1,68,20,34,1,33,0.029411764705882353,0.4024390243902439,0.004901960784313725,0.4,941,15,betting,11<=K<=20
0.1,183,40,42,4,38,0.09523809523809523,0.9047619047619048,0.02185792349726776,0.4,226,15,betting,K<=2
0.1,22,7,47,10,37,0.2127659574468085,0.16444444444444445,0.09579346092503987,0.4,2267,15,betting,K>50
0.15,86,26,50,5,45,0.1,0.5921052631578947,0.03488372093023256,0.4,595,15,betting,6<=K<=10
0.15,136,44,53,8,45,0.1509433962264151,0.625,0.051470588235294115,0.4,474,15,betting,3<=K<=5
0.15,41,23,83,20,63,0.24096385542168675,0.5121951219512195,0.1012673362027738,0.4,1152,15,betting,21<=K<=50
0.15,68,29,51,8,43,0.1568627450980392,0.524390243902439,0.0784313725490196,0.4,941,15,betting,11<=K<=20
0.15,183,42,44,4,40,0.09090909090909091,0.9523809523809523,0.02185792349726776,0.4,226,15,betting,K<=2
0.15,22,13,102,37,65,0.3627450980392157,0.28888888888888886,0.22513843802872613,0.4,2267,15,betting,K>50
0.2,86,27,51,5,46,0.09803921568627451,0.6052631578947368,0.03488372093023256,0.4,595,15,betting,6<=K<=10
0.2,136,45,54,9,45,0.16666666666666666,0.625,0.058823529411764705,0.4,474,15,betting,3<=K<=5
0.2,41,24,86,21,65,0.2441860465116279,0.5284552845528455,0.1134624581539933,0.4,1152,15,betting,21<=K<=50
0.2,68,32,56,11,45,0.19642857142857142,0.5487804878048781,0.10784313725490195,0.4,941,15,betting,11<=K<=20
0.2,183,42,44,4,40,0.09090909090909091,0.9523809523809523,0.02185792349726776,0.4,226,15,betting,K<=2
0.2,22,16,119,45,74,0.37815126050420167,0.3288888888888889,0.274991391184573,0.4,2267,15,betting,K>50
0.05,106,20,35,2,33,0.05714285714285714,0.42857142857142855,0.009433962264150943,0.4,760,16,betting,6<=K<=10
0.05,171,35,35,0,35,0.0,0.9210526315789473,0.0,0.4,211,16,betting,K<=2
0.05,142,31,34,3,31,0.08823529411764706,0.5254237288135594,0.02112676056338028,0.4,494,16,betting,3<=K<=5
0.05,53,10,16,3,13,0.1875,0.2549019607843137,0.05660377358490566,0.4,736,16,betting,11<=K<=20
0.05,40,12,51,8,43,0.1568627450980392,0.24157303370786518,0.02058080808080808,0.4,1215,16,betting,21<=K<=50
0.05,24,7,25,0,25,0.0,0.11961722488038277,0.0,0.4,1864,16,betting,K>50
0.1,106,22,39,4,35,0.10256410256410256,0.45454545454545453,0.02358490566037736,0.4,760,16,betting,6<=K<=10
0.1,171,37,37,1,36,0.02702702702702703,0.9473684210526315,0.005847953216374269,0.4,211,16,betting,K<=2
0.1,142,33,39,3,36,0.07692307692307693,0.6101694915254238,0.017605633802816902,0.4,494,16,betting,3<=K<=5
0.1,53,14,25,6,19,0.24,0.37254901960784315,0.07861635220125784,0.4,736,16,betting,11<=K<=20
0.1,40,17,68,14,54,0.20588235294117646,0.30337078651685395,0.05,0.4,1215,16,betting,21<=K<=50
0.1,24,9,32,3,29,0.09375,0.13875598086124402,0.014285714285714285,0.4,1864,16,betting,K>50
0.15,106,26,44,4,40,0.09090909090909091,0.5194805194805194,0.02358490566037736,0.4,760,16,betting,6<=K<=10
0.15,171,37,37,1,36,0.02702702702702703,0.9473684210526315,0.005847953216374269,0.4,211,16,betting,K<=2
0.15,142,36,42,5,37,0.11904761904761904,0.6271186440677966,0.03169014084507042,0.4,494,16,betting,3<=K<=5
0.15,53,18,29,8,21,0.27586206896551724,0.4117647058823529,0.11635220125786162,0.4,736,16,betting,11<=K<=20
0.15,40,21,79,17,62,0.21518987341772153,0.34831460674157305,0.06994047619047619,0.4,1215,16,betting,21<=K<=50
0.15,24,14,72,19,53,0.2638888888888889,0.2535885167464115,0.145734126984127,0.4,1864,16,betting,K>50
0.2,106,30,50,6,44,0.12,0.5714285714285714,0.0330188679245283,0.4,760,16,betting,6<=K<=10
0.2,171,37,37,1,36,0.02702702702702703,0.9473684210526315,0.005847953216374269,0.4,211,16,betting,K<=2
0.2,142,38,44,6,38,0.13636363636363635,0.6440677966101694,0.03873239436619718,0.4,494,16,betting,3<=K<=5
0.2,53,18,30,9,21,0.3,0.4117647058823529,0.12578616352201258,0.4,736,16,betting,11<=K<=20
0.2,40,27,91,22,69,0.24175824175824176,0.38764044943820225,0.13672619047619047,0.4,1215,16,betting,21<=K<=50
0.2,24,19,89,23,66,0.25842696629213485,0.3157894736842105,0.1989417989417989,0.4,1864,16,betting,K>50
0.05,187,34,35,1,34,0.02857142857142857,0.8947368421052632,0.0053475935828877,0.4,215,17,betting,K<=2
0.05,136,24,30,1,29,0.03333333333333333,0.5370370370370371,0.007352941176470588,0.4,477,17,betting,3<=K<=5
0.05,64,13,31,0,31,0.0,0.31958762886597936,0.0,0.4,921,17,betting,11<=K<=20
0.05,82,18,30,2,28,0.06666666666666667,0.32558139534883723,0.012195121951219513,0.4,558,17,betting,6<=K<=10
0.05,42,15,52,11,41,0.21153846153846154,0.2847222222222222,0.05357142857142857,0.4,1168,17,betting,21<=K<=50
0.05,25,7,29,4,25,0.13793103448275862,0.09433962264150944,0.011428571428571429,0.4,2199,17,betting,K>50
0.1,187,38,39,5,34,0.1282051282051282,0.8947368421052632,0.026737967914438502,0.4,215,17,betting,K<=2
0.1,136,27,35,3,32,0.08571428571428572,0.5925925925925926,0.01838235294117647,0.4,477,17,betting,3<=K<=5
0.1,64,16,38,2,36,0.05263157894736842,0.3711340206185567,0.015625,0.4,921,17,betting,11<=K<=20
0.1,82,22,43,8,35,0.18604651162790697,0.4069767441860465,0.04715447154471544,0.4,558,17,betting,6<=K<=10
0.1,42,20,66,17,49,0.25757575757575757,0.3402777777777778,0.08485958485958485,0.4,1168,17,betting,21<=K<=50
0.1,25,9,41,7,34,0.17073170731707318,0.12830188679245283,0.020631578947368424,0.4,2199,17,betting,K>50
0.15,187,39,40,5,35,0.125,0.9210526315789473,0.026737967914438502,0.4,215,17,betting,K<=2
0.15,136,32,40,5,35,0.125,0.6481481481481481,0.03308823529411765,0.4,477,17,betting,3<=K<=5
0.15,64,22,53,5,48,0.09433962264150944,0.4948453608247423,0.044270833333333336,0.4,921,17,betting,11<=K<=20
0.15,82,28,52,8,44,0.15384615384615385,0.5116279069767442,0.04715447154471544,0.4,558,17,betting,6<=K<=10
0.15,42,27,87,23,64,0.26436781609195403,0.4444444444444444,0.11098772842470322,0.4,1168,17,betting,21<=K<=50
0.15,25,20,123,46,77,0.37398373983739835,0.29056603773584905,0.2114280593958013,0.4,2199,17,betting,K>50
0.2,187,39,40,5,35,0.125,0.9210526315789473,0.026737967914438502,0.4,215,17,betting,K<=2
0.2,136,32,40,5,35,0.125,0.6481481481481481,0.03308823529411765,0.4,477,17,betting,3<=K<=5
0.2,64,22,53,5,48,0.09433962264150944,0.4948453608247423,0.044270833333333336,0.4,921,17,betting,11<=K<=20
0.2,82,28,52,8,44,0.15384615384615385,0.5116279069767442,0.04715447154471544,0.4,558,17,betting,6<=K<=10
0.2,42,27,87,23,64,0.26436781609195403,0.4444444444444444,0.11098772842470322,0.4,1168,17,betting,21<=K<=50
0.2,25,20,123,46,77,0.37398373983739835,0.29056603773584905,0.2114280593958013,0.4,2199,17,betting,K>50
0.05,179,43,45,4,41,0.08888888888888889,0.8541666666666666,0.0223463687150838,0.4,211,18,betting,K<=2
0.05,137,26,34,3,31,0.08823529411764706,0.543859649122807,0.021897810218978103,0.4,456,18,betting,3<=K<=5
0.05,58,12,28,0,28,0.0,0.3076923076923077,0.0,0.4,821,18,betting,11<=K<=20
0.05,90,20,30,2,28,0.06666666666666667,0.32558139534883723,0.011111111111111112,0.4,626,18,betting,6<=K<=10
0.05,45,20,59,12,47,0.2033898305084746,0.26704545454545453,0.04111111111111111,0.4,1385,18,betting,21<=K<=50
0.05,27,10,55,7,48,0.12727272727272726,0.142433234421365,0.0159860715416271,0.4,2655,18,betting,K>50
0.1,179,47,49,8,41,0.16326530612244897,0.8541666666666666,0.0446927374301676,0.4,211,18,betting,K<=2
0.1,137,31,40,6,34,0.15,0.5964912280701754,0.040145985401459854,0.4,456,18,betting,3<=K<=5
0.1,58,18,41,2,39,0.04878048780487805,0.42857142857142855,0.014367816091954021,0.4,821,18,betting,11<=K<=20
0.1,90,27,39,5,34,0.1282051282051282,0.3953488372093023,0.03888888888888889,0.4,626,18,betting,6<=K<=10
0.1,45,24,78,16,62,0.20512820512820512,0.3522727272727273,0.04814814814814815,0.4,1385,18,betting,21<=K<=50
0.1,27,18,105,26,79,0.24761904761904763,0.2344213649851632,0.0972310405643739,0.4,2655,18,betting,K>50
0.15,179,50,52,10,42,0.19230769230769232,0.875,0.055865921787709494,0.4,211,18,betting,K<=2
0.15,137,35,46,9,37,0.1956521739130435,0.6491228070175439,0.058394160583941604,0.4,456,18,betting,3<=K<=5
0.15,58,24,52,9,43,0.17307692307692307,0.4725274725274725,0.08333333333333334,0.4,821,18,betting,11<=K<=20
0.15,90,30,46,7,39,0.15217391304347827,0.45348837209302323,0.05555555555555555,0.4,626,18,betting,6<=K<=10
0.15,45,27,90,20,70,0.2222222222222222,0.3977272727272727,0.07296296296296297,0.4,1385,18,betting,21<=K<=50
0.15,27,25,225,95,130,0.4222222222222222,0.3857566765578635,0.2652492702061668,0.4,2655,18,betting,K>50
0.2,179,50,52,10,42,0.19230769230769232,0.875,0.055865921787709494,0.4,211,18,betting,K<=2
0.2,137,35,46,9,37,0.1956521739130435,0.6491228070175439,0.058394160583941604,0.4,456,18,betting,3<=K<=5
0.2,58,24,52,9,43,0.17307692307692307,0.4725274725274725,0.08333333333333334,0.4,821,18,betting,11<=K<=20
0.2,90,30,46,7,39,0.15217391304347827,0.45348837209302323,0.05555555555555555,0.4,626,18,betting,6<=K<=10
0.2,45,27,90,20,70,0.2222222222222222,0.3977272727272727,0.07296296296296297,0.4,1385,18,betting,21<=K<=50
0.2,27,25,225,95,130,0.4222222222222222,0.3857566765578635,0.2652492702061668,0.4,2655,18,betting,K>50
0.05,58,20,49,2,47,0.04081632653061224,0.4392523364485981,0.034482758620689655,0.4,782,19,betting,11<=K<=20
0.05,175,31,33,1,32,0.030303030303030304,0.9411764705882353,0.005714285714285714,0.4,215,19,betting,K<=2
0.05,57,17,55,3,52,0.05454545454545454,0.2561576354679803,0.022417153996101367,0.4,1684,19,betting,21<=K<=50
0.05,97,16,33,0,33,0.0,0.3473684210526316,0.0,0.4,697,19,betting,6<=K<=10
0.05,120,18,21,0,21,0.0,0.5526315789473685,0.0,0.4,426,19,betting,3<=K<=5
0.05,29,12,75,7,68,0.09333333333333334,0.18681318681318682,0.03308702791461412,0.4,3247,19,betting,K>50
0.1,58,24,57,4,53,0.07017543859649122,0.4953271028037383,0.057471264367816084,0.4,782,19,betting,11<=K<=20
0.1,175,31,33,1,32,0.030303030303030304,0.9411764705882353,0.005714285714285714,0.4,215,19,betting,K<=2
0.1,57,22,62,3,59,0.04838709677419355,0.29064039408866993,0.022417153996101367,0.4,1684,19,betting,21<=K<=50
0.1,97,19,39,4,35,0.10256410256410256,0.3684210526315789,0.029209621993127145,0.4,697,19,betting,6<=K<=10
0.1,120,19,22,1,21,0.045454545454545456,0.5526315789473685,0.008333333333333333,0.4,426,19,betting,3<=K<=5
0.1,29,14,91,10,81,0.10989010989010989,0.22252747252747251,0.033557247350350795,0.4,3247,19,betting,K>50
0.15,58,30,71,10,61,0.14084507042253522,0.5700934579439252,0.11925287356321838,0.4,782,19,betting,11<=K<=20
0.15,175,34,36,4,32,0.1111111111111111,0.9411764705882353,0.022857142857142857,0.4,215,19,betting,K<=2
0.15,57,29,101,14,87,0.13861386138613863,0.42857142857142855,0.07548036758563074,0.4,1684,19,betting,21<=K<=50
0.15,97,34,60,10,50,0.16666666666666666,0.5263157894736842,0.07191948944526264,0.4,697,19,betting,6<=K<=10
0.15,120,24,27,3,24,0.1111111111111111,0.631578947368421,0.025,0.4,426,19,betting,3<=K<=5
0.15,29,22,200,68,132,0.34,0.3626373626373626,0.18898722352168046,0.4,3247,19,betting,K>50
0.2,58,30,71,10,61,0.14084507042253522,0.5700934579439252,0.11925287356321838,0.4,782,19,betting,11<=K<=20
0.2,175,34,36,4,32,0.1111111111111111,0.9411764705882353,0.022857142857142857,0.4,215,19,betting,K<=2
0.2,57,29,101,14,87,0.13861386138613863,0.42857142857142855,0.07548036758563074,0.4,1684,19,betting,21<=K<=50
0.2,97,34,60,10,50,0.16666666666666666,0.5263157894736842,0.07191948944526264,0.4,697,19,betting,6<=K<=10
0.2,120,24,27,3,24,0.1111111111111111,0.631578947368421,0.025,0.4,426,19,betting,3<=K<=5
0.2,29,22,200,68,132,0.34,0.3626373626373626,0.18898722352168046,0.4,3247,19,betting,K>50
