seed,n_tp,n_tp_reachable_T1,n_tp_reachable_tight,n_tp_rejected,n_rejected_total,ceiling_T1,ceiling_tight,actual_recall,official_recall,efficiency_T1,efficiency_tight,C_m,m,phi_max,n_tp_score>=0.0,ceiling_score>=0.0,n_tp_score>=0.1,ceiling_score>=0.1,n_tp_score>=0.2,ceiling_score>=0.2,n_tp_score>=0.3,ceiling_score>=0.3,n_tp_score>=0.4,ceiling_score>=0.4,n_tp_score>=0.5,ceiling_score>=0.5,config
0,715,108,129,129,133,0.15104895104895105,0.18041958041958042,0.18041958041958042,0.1804195804195804,1.1944444444444444,1.0,5447.559607554503,5128,299.79182509505705,715,0.15104895104895105,565,0.1911504424778761,439,0.2460136674259681,371,0.29110512129380056,292,0.3698630136986301,225,0.48,COCO-1k/GDino
1,660,105,149,149,155,0.1590909090909091,0.22575757575757577,0.22575757575757577,0.2257575757575757,1.4190476190476191,1.0,4983.756032121619,5218,216.83808283124355,660,0.1590909090909091,536,0.1958955223880597,429,0.24475524475524477,372,0.28225806451612906,308,0.3409090909090909,249,0.42168674698795183,COCO-1k/GDino
2,672,93,107,107,118,0.13839285714285715,0.15922619047619047,0.15922619047619047,0.1592261904761904,1.150537634408602,1.0,4372.8376732727,4569,461.5551106924164,672,0.13839285714285715,546,0.17032967032967034,425,0.2188235294117647,350,0.26571428571428574,269,0.34572490706319703,214,0.43457943925233644,COCO-1k/GDino
3,609,125,136,136,140,0.20525451559934318,0.2233169129720854,0.2233169129720854,0.2233169129720854,1.088,1.0,6683.0194799518995,6073,315.7956457199406,609,0.20525451559934318,486,0.257201646090535,385,0.3246753246753247,319,0.39184952978056425,266,0.4699248120300752,213,0.5868544600938967,COCO-1k/GDino
4,647,96,113,113,118,0.14837712519319937,0.17465224111282843,0.17465224111282843,0.1746522411128284,1.1770833333333333,1.0,6652.029391665021,5632,361.55596687773993,647,0.14837712519319937,520,0.18461538461538463,407,0.23587223587223588,345,0.2782608695652174,273,0.3516483516483517,207,0.463768115942029,COCO-1k/GDino
5,718,109,141,141,147,0.15181058495821728,0.19637883008356546,0.19637883008356546,0.1963788300835654,1.2935779816513762,1.0,4800.607775490318,5491,271.2182243985523,718,0.15181058495821728,578,0.18858131487889274,448,0.24330357142857142,379,0.287598944591029,294,0.3707482993197279,234,0.4658119658119658,COCO-1k/GDino
6,704,133,182,182,187,0.18892045454545456,0.2585227272727273,0.2585227272727273,0.2585227272727273,1.368421052631579,1.0,4533.371250013106,5210,386.7383391347588,704,0.18892045454545456,578,0.2301038062283737,469,0.2835820895522388,402,0.3308457711442786,337,0.39465875370919884,282,0.4716312056737589,COCO-1k/GDino
7,635,106,133,133,136,0.16692913385826771,0.2094488188976378,0.2094488188976378,0.2094488188976378,1.2547169811320755,1.0,5807.51242235998,5927,298.5976202039825,635,0.16692913385826771,526,0.20152091254752852,423,0.25059101654846333,348,0.3045977011494253,281,0.37722419928825623,220,0.4818181818181818,COCO-1k/GDino
8,704,108,124,124,125,0.1534090909090909,0.17613636363636365,0.17613636363636365,0.1761363636363636,1.1481481481481481,1.0,5623.464934637858,4927,357.83823675086677,704,0.1534090909090909,570,0.18947368421052632,434,0.2488479262672811,361,0.29916897506925205,281,0.38434163701067614,215,0.5023255813953489,COCO-1k/GDino
9,720,94,115,115,120,0.13055555555555556,0.1597222222222222,0.1597222222222222,0.1597222222222222,1.2234042553191489,1.0,5107.081296339709,4713,299.85816277962874,720,0.13055555555555556,578,0.16262975778546712,443,0.21218961625282168,365,0.25753424657534246,297,0.3164983164983165,223,0.42152466367713004,COCO-1k/GDino
10,648,103,142,142,146,0.15895061728395063,0.2191358024691358,0.2191358024691358,0.2191358024691358,1.378640776699029,1.0,4994.787894831646,5666,360.4477697841727,648,0.15895061728395063,527,0.1954459203036053,413,0.24939467312348668,362,0.2845303867403315,294,0.35034013605442177,236,0.4364406779661017,COCO-1k/GDino
11,627,97,121,121,131,0.1547049441786284,0.19298245614035087,0.19298245614035087,0.1929824561403508,1.247422680412371,1.0,5116.518996033953,5981,279.35694183864916,627,0.1547049441786284,511,0.1898238747553816,399,0.24310776942355888,334,0.2904191616766467,267,0.36329588014981273,213,0.45539906103286387,COCO-1k/GDino
12,811,99,116,116,119,0.1220715166461159,0.14303329223181258,0.14303329223181258,0.1430332922318125,1.1717171717171717,1.0,5938.082748735635,5178,456.84972052845524,811,0.1220715166461159,665,0.14887218045112782,503,0.19681908548707752,412,0.24029126213592233,325,0.3046153846153846,244,0.4057377049180328,COCO-1k/GDino
13,563,92,108,108,112,0.16341030195381884,0.19182948490230906,0.19182948490230906,0.191829484902309,1.1739130434782608,1.0,9468.642715821326,6367,284.0144003777148,563,0.16341030195381884,464,0.19827586206896552,356,0.25842696629213485,299,0.3076923076923077,245,0.37551020408163266,192,0.4791666666666667,COCO-1k/GDino
14,701,84,117,117,120,0.11982881597717546,0.16690442225392296,0.16690442225392296,0.1669044222539229,1.3928571428571428,1.0,5435.380004044244,4703,510.06604459524965,701,0.11982881597717546,568,0.14788732394366197,430,0.19534883720930232,356,0.23595505617977527,293,0.28668941979522183,225,0.37333333333333335,COCO-1k/GDino
15,702,88,106,106,109,0.12535612535612536,0.150997150997151,0.150997150997151,0.150997150997151,1.2045454545454544,1.0,5874.1164116656255,4960,470.78306374881066,702,0.12535612535612536,569,0.1546572934973638,432,0.2037037037037037,333,0.26426426426426425,269,0.3271375464684015,212,0.41509433962264153,COCO-1k/GDino
16,747,99,128,128,134,0.13253012048192772,0.1713520749665328,0.1713520749665328,0.1713520749665328,1.2929292929292928,1.0,5164.901525015394,4543,508.1800188501414,747,0.13253012048192772,605,0.16363636363636364,470,0.21063829787234042,397,0.24937027707808565,311,0.3183279742765273,242,0.4090909090909091,COCO-1k/GDino
17,613,102,117,117,122,0.16639477977161501,0.19086460032626426,0.19086460032626426,0.1908646003262642,1.1470588235294117,1.0,7654.459907278879,5908,461.68634146341464,613,0.16639477977161501,494,0.20647773279352227,386,0.26424870466321243,325,0.31384615384615383,263,0.38783269961977185,203,0.5024630541871922,COCO-1k/GDino
18,805,102,124,124,132,0.1267080745341615,0.15403726708074533,0.15403726708074533,0.1540372670807453,1.2156862745098038,1.0,4069.709005407282,4767,348.364500484966,805,0.1267080745341615,654,0.1559633027522936,478,0.21338912133891214,386,0.26424870466321243,297,0.3434343434343434,233,0.43776824034334766,COCO-1k/GDino
19,844,140,166,166,176,0.16587677725118483,0.1966824644549763,0.1966824644549763,0.1966824644549763,1.1857142857142857,1.0,3977.124669960797,4813,355.7014691478942,844,0.16587677725118483,696,0.20114942528735633,519,0.2697495183044316,433,0.3233256351039261,345,0.4057971014492754,280,0.5,COCO-1k/GDino
0,3487,501,640,640,674,0.14367651276168628,0.18353885861772298,0.18353885861772298,0.1835388586177229,1.2774451097804391,1.0,28030.67895166982,27844,426.16070247933885,3487,0.14367651276168628,2772,0.18073593073593072,2242,0.22346119536128456,1878,0.26677316293929715,1582,0.3166877370417193,1271,0.3941778127458694,COCO-full/GDino
1,3510,434,543,543,570,0.12364672364672365,0.1547008547008547,0.1547008547008547,0.1547008547008547,1.2511520737327189,1.0,25810.86233271469,27463,369.3084832365087,3510,0.12364672364672365,2775,0.1563963963963964,2242,0.1935771632471008,1866,0.23258306538049303,1560,0.2782051282051282,1258,0.3441971383147854,COCO-full/GDino
2,3425,457,552,552,579,0.13343065693430656,0.16116788321167883,0.16116788321167883,0.1611678832116788,1.2078774617067833,1.0,27971.160410292196,28683,477.92578496226594,3425,0.13343065693430656,2760,0.16557971014492753,2226,0.20530098831985624,1875,0.24373333333333333,1544,0.2959844559585492,1237,0.3694421988682296,COCO-full/GDino
3,3362,456,575,575,652,0.1356335514574658,0.1710291493158834,0.1710291493158834,0.1710291493158834,1.2609649122807016,1.0,33513.102559107036,29552,391.8725805463677,3362,0.1356335514574658,2701,0.16882636060718254,2156,0.21150278293135436,1802,0.25305216426193117,1464,0.3114754098360656,1168,0.3904109589041096,COCO-full/GDino
4,3390,477,603,603,631,0.1407079646017699,0.17787610619469027,0.17787610619469027,0.1778761061946902,1.2641509433962266,1.0,30736.20416283368,28273,453.1329759948529,3390,0.1407079646017699,2742,0.1739606126914661,2255,0.21152993348115298,1894,0.2518479408658923,1565,0.3047923322683706,1239,0.38498789346246975,COCO-full/GDino
5,3411,437,529,529,552,0.12811492231017296,0.15508648490178834,0.15508648490178834,0.1550864849017883,1.2105263157894737,1.0,33169.70374832085,29908,496.084391351185,3411,0.12811492231017296,2729,0.16013191645291316,2194,0.199179580674567,1807,0.24183729939125623,1470,0.2972789115646258,1165,0.3742489270386266,COCO-full/GDino
6,3349,439,536,536,579,0.13108390564347566,0.1600477754553598,0.1600477754553598,0.1600477754553598,1.2209567198177678,1.0,30275.715602115066,29950,435.254916095959,3349,0.13108390564347566,2646,0.1659108087679516,2104,0.20865019011406843,1781,0.24649073554183043,1501,0.29247168554297137,1198,0.3664440734557596,COCO-full/GDino
7,3462,469,586,586,620,0.13547082611207395,0.16926632004621606,0.16926632004621606,0.169266320046216,1.2494669509594882,1.0,28952.5771846204,29384,357.18644558086675,3462,0.13547082611207395,2771,0.16925297726452543,2261,0.20743034055727555,1879,0.24960085151676423,1555,0.3016077170418006,1221,0.3841113841113841,COCO-full/GDino
8,3690,466,618,618,650,0.12628726287262873,0.16747967479674797,0.16747967479674797,0.1674796747967479,1.3261802575107295,1.0,31130.553010020078,27005,444.2953329419658,3690,0.12628726287262873,2925,0.1593162393162393,2335,0.19957173447537474,1976,0.23582995951417005,1616,0.28836633663366334,1292,0.3606811145510836,COCO-full/GDino
9,3480,479,631,631,682,0.13764367816091955,0.18132183908045976,0.18132183908045976,0.1813218390804597,1.3173277661795406,1.0,29088.659460246945,27422,388.4867214017063,3480,0.13764367816091955,2822,0.16973777462792347,2303,0.20798957881024752,1946,0.24614594039054472,1621,0.29549660703269587,1266,0.37756714060031593,COCO-full/GDino
10,3553,435,565,565,607,0.12243174781874472,0.15902054601745005,0.15902054601745005,0.15902054601745,1.2988505747126438,1.0,27110.668128441735,27880,364.54056027009767,3553,0.12243174781874472,2820,0.15425531914893617,2245,0.19376391982182628,1910,0.22774869109947643,1593,0.2730696798493409,1233,0.3519870235198702,COCO-full/GDino
11,3541,408,519,519,570,0.11522168878847783,0.14656876588534312,0.14656876588534312,0.1465687658853431,1.2720588235294117,1.0,36380.35816150257,28834,582.7726621240602,3541,0.11522168878847783,2824,0.14447592067988668,2238,0.18230563002680966,1852,0.2203023758099352,1501,0.27181878747501664,1197,0.3408521303258145,COCO-full/GDino
12,3425,471,547,547,571,0.1375182481751825,0.1597080291970803,0.1597080291970803,0.1597080291970803,1.1613588110403397,1.0,31437.976534980753,28837,410.85389540786406,3425,0.1375182481751825,2755,0.17096188747731397,2211,0.2130257801899593,1853,0.2541824069077172,1538,0.30624187256176855,1227,0.3830480847595762,COCO-full/GDino
13,3481,425,554,554,577,0.12209135305946567,0.1591496696351623,0.1591496696351623,0.1591496696351623,1.3035294117647058,1.0,30209.707891778657,28773,368.4591208996784,3481,0.12209135305946567,2784,0.1526580459770115,2218,0.19161406672678089,1871,0.22715125601282737,1561,0.27226137091607944,1245,0.3405622489959839,COCO-full/GDino
14,3726,510,657,657,709,0.13687600644122383,0.17632850241545894,0.17632850241545894,0.1763285024154589,1.2882352941176471,1.0,27257.922973398585,28538,437.84218962008146,3726,0.13687600644122383,2995,0.17028380634390652,2399,0.212588578574406,2009,0.2538576406172225,1666,0.30612244897959184,1348,0.37833827893175076,COCO-full/GDino
15,3552,447,550,550,590,0.1258445945945946,0.15484234234234234,0.15484234234234234,0.1548423423423423,1.2304250559284116,1.0,26421.965627686724,29504,500.6946793970247,3552,0.1258445945945946,2785,0.16050269299820466,2214,0.2018970189701897,1825,0.24493150684931506,1479,0.3022312373225152,1165,0.38369098712446353,COCO-full/GDino
16,3560,413,509,509,535,0.11601123595505618,0.14297752808988765,0.14297752808988765,0.1429775280898876,1.2324455205811138,1.0,29527.353275110203,27132,437.96500110059424,3560,0.11601123595505618,2841,0.14537134811686026,2282,0.18098159509202455,1924,0.21465696465696466,1592,0.2594221105527638,1249,0.32986389111289033,COCO-full/GDino
17,3343,467,603,603,666,0.13969488483398146,0.18037690696978761,0.18037690696978761,0.1803769069697876,1.291220556745182,1.0,30386.016509633875,28851,400.42865296803654,3343,0.13969488483398146,2691,0.17354143441099962,2189,0.21333942439470077,1881,0.2482721956406167,1553,0.3007083065035415,1235,0.37732793522267205,COCO-full/GDino
18,3642,464,578,578,622,0.12740252608456892,0.1587040087863811,0.1587040087863811,0.1587040087863811,1.2456896551724137,1.0,30499.018495708908,29233,394.9353933025477,3642,0.12740252608456892,2949,0.15734147168531706,2361,0.19652689538331217,1976,0.23481781376518218,1662,0.27918170878459686,1321,0.35124905374716126,COCO-full/GDino
19,3613,482,605,605,666,0.13340714088015498,0.16745087185164684,0.16745087185164684,0.1674508718516468,1.2551867219917014,1.0,31867.06170287147,28159,479.13510368771705,3613,0.13340714088015498,2843,0.16953921913471684,2269,0.2124283825473777,1879,0.25651942522618415,1527,0.31565160445317614,1195,0.40251046025104603,COCO-full/GDino
0,533,159,186,186,203,0.29831144465290804,0.34896810506566606,0.34896810506566606,0.348968105065666,1.1698113207547172,1.0,6149.662171739283,5642,1051.0892307692309,533,0.29831144465290804,422,0.3767772511848341,364,0.4368131868131868,332,0.4789156626506024,306,0.5196078431372549,275,0.5781818181818181,VOC-1k/GDino
1,544,128,171,171,180,0.23529411764705882,0.31433823529411764,0.31433823529411764,0.3143382352941176,1.3359375,1.0,5915.489194067146,5078,2160.449241540257,544,0.23529411764705882,430,0.29767441860465116,369,0.34688346883468835,334,0.38323353293413176,308,0.4155844155844156,265,0.4830188679245283,VOC-1k/GDino
2,566,139,200,200,211,0.24558303886925795,0.35335689045936397,0.35335689045936397,0.3533568904593639,1.4388489208633095,1.0,6431.803780506116,4988,1064.320704057279,566,0.24558303886925795,454,0.30616740088105726,399,0.3483709273182957,374,0.3716577540106952,347,0.40057636887608067,313,0.4440894568690096,VOC-1k/GDino
3,577,159,203,203,218,0.2755632582322357,0.35181975736568455,0.35181975736568455,0.3518197573656845,1.2767295597484276,1.0,4943.548545137968,5520,1104.3547794117646,577,0.2755632582322357,447,0.35570469798657717,390,0.4076923076923077,358,0.4441340782122905,323,0.49226006191950467,292,0.5445205479452054,VOC-1k/GDino
4,543,122,168,168,175,0.22467771639042358,0.30939226519337015,0.30939226519337015,0.3093922651933701,1.3770491803278688,1.0,7911.914329082635,5441,1991.935710111046,543,0.22467771639042358,437,0.2791762013729977,385,0.3168831168831169,355,0.3436619718309859,329,0.3708206686930091,294,0.41496598639455784,VOC-1k/GDino
5,556,142,166,166,182,0.25539568345323743,0.29856115107913667,0.29856115107913667,0.2985611510791366,1.169014084507042,1.0,7017.820668478201,5616,2063.445835942392,556,0.25539568345323743,441,0.3219954648526077,371,0.38274932614555257,333,0.4264264264264264,308,0.461038961038961,277,0.5126353790613718,VOC-1k/GDino
6,614,137,186,186,196,0.22312703583061888,0.30293159609120524,0.30293159609120524,0.3029315960912052,1.3576642335766425,1.0,5830.495720733686,4857,2261.5130858186244,614,0.22312703583061888,496,0.2762096774193548,425,0.32235294117647056,383,0.3577023498694517,361,0.37950138504155123,320,0.428125,VOC-1k/GDino
7,615,171,208,208,217,0.2780487804878049,0.3382113821138211,0.3382113821138211,0.3382113821138211,1.2163742690058479,1.0,4620.5246377768,5369,694.1144338118021,615,0.2780487804878049,502,0.34063745019920316,443,0.3860045146726862,403,0.42431761786600497,373,0.4584450402144772,336,0.5089285714285714,VOC-1k/GDino
8,572,161,222,222,239,0.28146853146853146,0.3881118881118881,0.3881118881118881,0.3881118881118881,1.37888198757764,1.0,3724.29532625519,4991,1138.380547112462,572,0.28146853146853146,471,0.34182590233545646,412,0.3907766990291262,369,0.4363143631436314,340,0.47352941176470587,318,0.5062893081761006,VOC-1k/GDino
9,648,165,219,219,233,0.25462962962962965,0.33796296296296297,0.33796296296296297,0.3379629629629629,1.3272727272727272,1.0,4420.049051981638,5193,2240.254129606099,648,0.25462962962962965,495,0.3333333333333333,439,0.37585421412300685,404,0.4084158415841584,379,0.43535620052770446,352,0.46875,VOC-1k/GDino
10,521,142,168,168,180,0.272552783109405,0.32245681381957775,0.32245681381957775,0.3224568138195777,1.1830985915492958,1.0,7056.149134367617,5330,1121.2450450450451,521,0.272552783109405,429,0.331002331002331,370,0.3837837837837838,329,0.4316109422492401,306,0.46405228758169936,277,0.5126353790613718,VOC-1k/GDino
11,571,159,213,213,220,0.27845884413309985,0.37302977232924694,0.37302977232924694,0.3730297723292469,1.3396226415094339,1.0,4361.726499824304,5090,525.6651785714286,571,0.27845884413309985,471,0.3375796178343949,416,0.38221153846153844,390,0.4076923076923077,363,0.4380165289256198,327,0.48623853211009177,VOC-1k/GDino
12,535,73,73,73,74,0.13644859813084112,0.13644859813084112,0.13644859813084112,0.1364485981308411,1.0,1.0,3004335.7474088054,4925,1000000.0,535,0.13644859813084112,422,0.17298578199052134,365,0.2,338,0.21597633136094674,317,0.2302839116719243,284,0.25704225352112675,VOC-1k/GDino
13,558,137,183,183,195,0.24551971326164876,0.3279569892473118,0.3279569892473118,0.3279569892473118,1.335766423357664,1.0,5701.1704818166745,5942,1152.8312629399586,558,0.24551971326164876,453,0.30242825607064017,388,0.35309278350515466,358,0.38268156424581007,331,0.41389728096676737,295,0.46440677966101696,VOC-1k/GDino
14,542,176,212,212,228,0.3247232472324723,0.39114391143911437,0.39114391143911437,0.3911439114391143,1.2045454545454546,1.0,4782.223171924971,5346,1072.0561403508773,542,0.3247232472324723,426,0.4131455399061033,374,0.47058823529411764,355,0.49577464788732395,335,0.5253731343283582,307,0.5732899022801303,VOC-1k/GDino
15,577,161,206,206,212,0.27902946273830154,0.35701906412478335,0.35701906412478335,0.3570190641247833,1.279503105590062,1.0,5744.674998061591,6101,968.5093542546772,577,0.27902946273830154,471,0.34182590233545646,399,0.40350877192982454,360,0.44722222222222224,330,0.48787878787878786,305,0.5278688524590164,VOC-1k/GDino
16,648,149,178,178,188,0.22993827160493827,0.27469135802469136,0.27469135802469136,0.2746913580246913,1.1946308724832215,1.0,4512.542383568385,4919,1196.5384615384614,648,0.22993827160493827,512,0.291015625,438,0.3401826484018265,396,0.37626262626262624,363,0.41046831955922863,314,0.4745222929936306,VOC-1k/GDino
17,508,127,158,158,165,0.25,0.3110236220472441,0.3110236220472441,0.3110236220472441,1.2440944881889764,1.0,4775.669961079913,5598,986.195652173913,508,0.25,404,0.31435643564356436,358,0.3547486033519553,334,0.38023952095808383,311,0.40836012861736337,271,0.46863468634686345,VOC-1k/GDino
18,591,142,186,186,203,0.24027072758037224,0.3147208121827411,0.3147208121827411,0.3147208121827411,1.3098591549295775,1.0,4513.7376738486355,5443,1000000.0,591,0.24027072758037224,483,0.2939958592132505,426,0.3333333333333333,391,0.3631713554987212,355,0.4,313,0.4536741214057508,VOC-1k/GDino
19,529,153,195,195,209,0.2892249527410208,0.3686200378071834,0.3686200378071834,0.3686200378071834,1.2745098039215688,1.0,7015.035979253897,5655,2046.282051282051,529,0.2892249527410208,434,0.35253456221198154,382,0.4005235602094241,341,0.44868035190615835,321,0.4766355140186916,289,0.5294117647058824,VOC-1k/GDino
0,573,60,63,63,64,0.10471204188481675,0.1099476439790576,0.1099476439790576,0.1099476439790576,1.05,1.0,6001542.920145582,1867,1000000.0,573,0.10471204188481675,483,0.12422360248447205,386,0.15544041450777202,298,0.20134228187919462,242,0.24793388429752067,201,0.29850746268656714,COCO-1k/OWL
1,513,39,52,52,52,0.07602339181286549,0.10136452241715399,0.10136452241715399,0.1013645224171539,1.3333333333333333,1.0,1411.73089443069,1670,121.0189655172414,513,0.07602339181286549,437,0.08924485125858124,349,0.11174785100286533,263,0.1482889733840304,196,0.1989795918367347,150,0.26,COCO-1k/OWL
2,537,42,47,47,47,0.0782122905027933,0.08752327746741155,0.08752327746741155,0.0875232774674115,1.119047619047619,1.0,2256.542395690523,2030,325.6487919858574,537,0.0782122905027933,450,0.09333333333333334,364,0.11538461538461539,266,0.15789473684210525,189,0.2222222222222222,141,0.2978723404255319,COCO-1k/OWL
3,553,42,46,46,47,0.0759493670886076,0.08318264014466546,0.08318264014466546,0.0831826401446654,1.0952380952380951,1.0,1818.8945420180225,1757,160.5430463576159,553,0.0759493670886076,474,0.08860759493670886,336,0.125,218,0.1926605504587156,147,0.2857142857142857,118,0.3559322033898305,COCO-1k/OWL
4,603,55,70,70,70,0.0912106135986733,0.11608623548922056,0.11608623548922056,0.1160862354892205,1.2727272727272727,1.0,2505.5914016438833,1674,331.9323583180987,603,0.0912106135986733,527,0.10436432637571158,385,0.14285714285714285,268,0.20522388059701493,195,0.28205128205128205,155,0.3548387096774194,COCO-1k/OWL
5,556,30,32,32,33,0.0539568345323741,0.05755395683453238,0.05755395683453238,0.0575539568345323,1.0666666666666669,1.0,2096.0012520911814,1798,121.70588235294117,556,0.0539568345323741,466,0.06437768240343347,351,0.08547008547008547,238,0.12605042016806722,171,0.17543859649122806,130,0.23076923076923078,COCO-1k/OWL
6,534,41,47,47,48,0.07677902621722846,0.08801498127340825,0.08801498127340825,0.0880149812734082,1.1463414634146343,1.0,3326.831774699537,2002,329.38524590163934,534,0.07677902621722846,445,0.09213483146067415,351,0.1168091168091168,258,0.15891472868217055,190,0.21578947368421053,142,0.2887323943661972,COCO-1k/OWL
7,560,53,57,57,58,0.09464285714285714,0.10178571428571428,0.10178571428571428,0.1017857142857142,1.0754716981132075,1.0,1928.7082476482115,1703,379.9925742574257,560,0.09464285714285714,478,0.1108786610878661,363,0.14600550964187328,273,0.19413919413919414,192,0.2760416666666667,138,0.38405797101449274,COCO-1k/OWL
8,494,59,68,68,72,0.1194331983805668,0.13765182186234817,0.13765182186234817,0.1376518218623481,1.1525423728813557,1.0,2541.4476436510986,2430,320.4028290282903,494,0.1194331983805668,399,0.14786967418546365,318,0.18553459119496854,256,0.23046875,186,0.3172043010752688,135,0.43703703703703706,COCO-1k/OWL
9,575,59,69,69,72,0.10260869565217391,0.12,0.12,0.12,1.1694915254237288,1.0,1986.5761973107763,1544,355.96884735202497,575,0.10260869565217391,490,0.12040816326530612,365,0.16164383561643836,275,0.21454545454545454,203,0.29064039408866993,165,0.3575757575757576,COCO-1k/OWL
10,447,56,58,58,58,0.12527964205816555,0.1297539149888143,0.1297539149888143,0.1297539149888143,1.0357142857142856,1.0,2681.0706605575433,1989,183.7573047107931,447,0.12527964205816555,392,0.14285714285714285,318,0.1761006289308176,223,0.25112107623318386,159,0.3522012578616352,126,0.4444444444444444,COCO-1k/OWL
11,534,60,72,72,74,0.11235955056179775,0.1348314606741573,0.1348314606741573,0.1348314606741573,1.2,1.0,1648.878498923627,1768,202.1227963525836,534,0.11235955056179775,463,0.12958963282937366,380,0.15789473684210525,270,0.2222222222222222,198,0.30303030303030304,161,0.37267080745341613,COCO-1k/OWL
12,546,43,54,54,54,0.07875457875457875,0.0989010989010989,0.0989010989010989,0.0989010989010989,1.255813953488372,1.0,2741.6509238166477,1983,346.1357186921653,546,0.07875457875457875,459,0.09368191721132897,363,0.1184573002754821,259,0.16602316602316602,199,0.21608040201005024,151,0.2847682119205298,COCO-1k/OWL
13,534,51,64,64,65,0.09550561797752809,0.1198501872659176,0.1198501872659176,0.1198501872659176,1.2549019607843137,1.0,2170.2937294126946,2071,90.7177033492823,534,0.09550561797752809,458,0.11135371179039301,365,0.13972602739726028,276,0.18478260869565216,215,0.2372093023255814,172,0.29651162790697677,COCO-1k/OWL
14,553,50,55,55,56,0.09041591320072333,0.09945750452079566,0.09945750452079566,0.0994575045207956,1.1,1.0,2098.700708086396,1887,361.2972972972973,553,0.09041591320072333,461,0.10845986984815618,371,0.1347708894878706,281,0.17793594306049823,209,0.23923444976076555,155,0.3225806451612903,COCO-1k/OWL
15,535,57,57,57,59,0.10654205607476636,0.10654205607476636,0.10654205607476636,0.1065420560747663,1.0,1.0,2182.412895334338,1790,186.63355145746579,535,0.10654205607476636,459,0.12418300653594772,352,0.16193181818181818,260,0.21923076923076923,198,0.2878787878787879,156,0.36538461538461536,COCO-1k/OWL
16,525,55,62,62,66,0.10476190476190476,0.1180952380952381,0.1180952380952381,0.1180952380952381,1.1272727272727272,1.0,1738.1328675511859,2063,171.6434250764526,525,0.10476190476190476,452,0.12168141592920353,362,0.15193370165745856,262,0.2099236641221374,201,0.2736318407960199,151,0.36423841059602646,COCO-1k/OWL
17,551,46,60,60,62,0.08348457350272233,0.1088929219600726,0.1088929219600726,0.1088929219600726,1.3043478260869563,1.0,1570.022859460376,1902,87.21897590361446,551,0.08348457350272233,471,0.09766454352441614,375,0.12266666666666666,273,0.1684981684981685,209,0.22009569377990432,158,0.2911392405063291,COCO-1k/OWL
18,458,64,72,72,74,0.13973799126637554,0.1572052401746725,0.1572052401746725,0.1572052401746725,1.125,1.0,1774.7588575646178,1821,117.12853271389857,458,0.13973799126637554,399,0.16040100250626566,314,0.20382165605095542,233,0.27467811158798283,179,0.3575418994413408,136,0.47058823529411764,COCO-1k/OWL
19,506,67,83,83,87,0.1324110671936759,0.16403162055335968,0.16403162055335968,0.1640316205533596,1.2388059701492535,1.0,1290.6150848949617,1646,193.23988439306356,506,0.1324110671936759,431,0.1554524361948956,343,0.19533527696793002,267,0.250936329588015,206,0.32524271844660196,158,0.4240506329113924,COCO-1k/OWL
0,423,56,58,58,58,0.13238770685579196,0.13711583924349882,0.13711583924349882,0.1371158392434988,1.0357142857142858,1.0,986.0272026328039,935,151.10506706408347,423,0.13238770685579196,374,0.1497326203208556,281,0.199288256227758,163,0.34355828220858897,112,0.5,90,0.6,VOC-1k/OWL
1,452,46,51,51,53,0.10176991150442478,0.11283185840707964,0.11283185840707964,0.1128318584070796,1.1086956521739129,1.0,921.8817864448837,1011,136.3740157480315,452,0.10176991150442478,396,0.11616161616161616,290,0.15862068965517243,158,0.2911392405063291,115,0.4,85,0.5411764705882353,VOC-1k/OWL
2,439,41,41,41,41,0.09339407744874716,0.09339407744874716,0.09339407744874716,0.0933940774487471,1.0,1.0,1179.911566998606,1057,127.76603773584905,439,0.09339407744874716,389,0.10539845758354756,286,0.14335664335664336,157,0.2611464968152866,100,0.41,71,0.5774647887323944,VOC-1k/OWL
3,482,45,54,54,54,0.09336099585062241,0.11203319502074689,0.11203319502074689,0.1120331950207468,1.2,1.0,1013.0126357471472,1022,135.40435458786936,482,0.09336099585062241,425,0.10588235294117647,312,0.14423076923076922,176,0.2556818181818182,117,0.38461538461538464,86,0.5232558139534884,VOC-1k/OWL
4,477,32,32,32,33,0.06708595387840671,0.06708595387840671,0.06708595387840671,0.0670859538784067,1.0,1.0,1451.8666903903516,1052,1000000.0,477,0.06708595387840671,410,0.07804878048780488,315,0.10158730158730159,158,0.20253164556962025,87,0.367816091954023,58,0.5517241379310345,VOC-1k/OWL
5,452,19,19,19,21,0.0420353982300885,0.0420353982300885,0.0420353982300885,0.0420353982300885,1.0,1.0,1000978.1115736061,1055,1000000.0,452,0.0420353982300885,399,0.047619047619047616,300,0.06333333333333334,163,0.1165644171779141,111,0.17117117117117117,81,0.2345679012345679,VOC-1k/OWL
6,422,41,46,46,47,0.0971563981042654,0.10900473933649289,0.10900473933649289,0.1090047393364928,1.121951219512195,1.0,1055.942536004074,1075,122.11317944899479,422,0.0971563981042654,373,0.10991957104557641,264,0.1553030303030303,143,0.2867132867132867,103,0.39805825242718446,70,0.5857142857142857,VOC-1k/OWL
7,381,25,25,25,27,0.06561679790026247,0.06561679790026247,0.06561679790026247,0.0656167979002624,1.0,1.0,2001277.0901809463,1248,1000000.0,381,0.06561679790026247,338,0.07396449704142012,255,0.09803921568627451,137,0.18248175182481752,96,0.2604166666666667,66,0.3787878787878788,VOC-1k/OWL
8,439,36,42,42,44,0.08200455580865604,0.09567198177676538,0.09567198177676538,0.0956719817767653,1.1666666666666667,1.0,1182.7491701731776,997,1000000.0,439,0.08200455580865604,387,0.09302325581395349,296,0.12162162162162163,140,0.2571428571428571,93,0.3870967741935484,63,0.5714285714285714,VOC-1k/OWL
9,439,41,45,45,46,0.09339407744874716,0.10250569476082004,0.10250569476082004,0.10250569476082,1.097560975609756,1.0,848.1040694860144,1024,135.89728096676737,439,0.09339407744874716,391,0.10485933503836317,309,0.13268608414239483,169,0.24260355029585798,99,0.41414141414141414,72,0.5555555555555556,VOC-1k/OWL
10,451,50,54,54,55,0.11086474501108648,0.1197339246119734,0.1197339246119734,0.1197339246119734,1.08,1.0,947.0184439612319,1103,132.47494217424827,451,0.11086474501108648,409,0.12224938875305623,299,0.16722408026755853,173,0.28901734104046245,101,0.49504950495049505,70,0.6857142857142857,VOC-1k/OWL
11,449,18,18,18,18,0.0400890868596882,0.0400890868596882,0.0400890868596882,0.0400890868596882,1.0,1.0,1001000.7635260883,1218,1000000.0,449,0.0400890868596882,391,0.04603580562659847,266,0.06766917293233082,135,0.13333333333333333,96,0.1875,67,0.26865671641791045,VOC-1k/OWL
12,431,53,56,56,58,0.12296983758700696,0.12993039443155452,0.12993039443155452,0.1299303944315545,1.0566037735849056,1.0,951.5932928497475,931,1000000.0,431,0.12296983758700696,380,0.1394736842105263,280,0.18928571428571428,146,0.363013698630137,106,0.5,86,0.6162790697674418,VOC-1k/OWL
13,417,19,19,19,19,0.045563549160671464,0.045563549160671464,0.045563549160671464,0.0455635491606714,1.0,1.0,1000809.684394926,1011,1000000.0,417,0.045563549160671464,374,0.05080213903743316,270,0.07037037037037037,143,0.13286713286713286,104,0.18269230769230768,75,0.25333333333333335,VOC-1k/OWL
14,441,41,44,44,44,0.09297052154195011,0.09977324263038549,0.09977324263038549,0.0997732426303854,1.0731707317073171,1.0,848.6697533703684,1014,120.85637065637064,441,0.09297052154195011,387,0.10594315245478036,283,0.14487632508833923,145,0.2827586206896552,102,0.4019607843137255,80,0.5125,VOC-1k/OWL
15,410,39,41,41,41,0.0951219512195122,0.1,0.1,0.1,1.0512820512820513,1.0,1233.7753608821004,1102,146.3934426229508,410,0.0951219512195122,363,0.10743801652892562,262,0.14885496183206107,149,0.26174496644295303,96,0.40625,79,0.4936708860759494,VOC-1k/OWL
16,437,42,51,51,53,0.09610983981693363,0.11670480549199085,0.11670480549199085,0.1167048054919908,1.2142857142857144,1.0,705.9983946530193,814,154.84142640364186,437,0.09610983981693363,398,0.10552763819095477,300,0.14,163,0.25766871165644173,90,0.4666666666666667,71,0.5915492957746479,VOC-1k/OWL
17,442,48,60,60,62,0.1085972850678733,0.13574660633484162,0.13574660633484162,0.1357466063348416,1.2499999999999998,1.0,1658.5868837383528,1119,1000000.0,442,0.1085972850678733,386,0.12435233160621761,282,0.1702127659574468,160,0.3,114,0.42105263157894735,77,0.6233766233766234,VOC-1k/OWL
18,420,41,44,44,44,0.09761904761904762,0.10476190476190476,0.10476190476190476,0.1047619047619047,1.0731707317073171,1.0,938.0842554645571,965,139.7641723356009,420,0.09761904761904762,375,0.10933333333333334,274,0.14963503649635038,149,0.2751677852348993,94,0.43617021276595747,77,0.5324675324675324,VOC-1k/OWL
19,417,45,48,48,51,0.1079136690647482,0.11510791366906475,0.11510791366906475,0.1151079136690647,1.0666666666666669,1.0,551.9146666022348,701,153.45054945054946,417,0.1079136690647482,377,0.11936339522546419,279,0.16129032258064516,164,0.27439024390243905,100,0.45,76,0.5921052631578947,VOC-1k/OWL
0,439,60,60,60,61,0.1366742596810934,0.1366742596810934,0.1366742596810934,0.1366742596810934,1.0,1.0,1000302.3151277697,389,1000000.0,439,0.1366742596810934,403,0.1488833746898263,358,0.16759776536312848,330,0.18181818181818182,302,0.1986754966887417,280,0.21428571428571427,COCO-1k/YOLO
1,374,46,48,48,48,0.12299465240641712,0.12834224598930483,0.12834224598930483,0.1283422459893048,1.0434782608695652,1.0,3000325.3518536175,473,1000000.0,374,0.12299465240641712,343,0.13411078717201166,306,0.1503267973856209,277,0.16606498194945848,249,0.18473895582329317,236,0.19491525423728814,COCO-1k/YOLO
2,414,55,59,59,61,0.13285024154589373,0.14251207729468598,0.14251207729468598,0.1425120772946859,1.0727272727272725,1.0,4000361.744758062,519,1000000.0,414,0.13285024154589373,377,0.14588859416445624,336,0.1636904761904762,312,0.1762820512820513,290,0.1896551724137931,263,0.20912547528517111,COCO-1k/YOLO
3,463,54,56,56,56,0.11663066954643629,0.12095032397408208,0.12095032397408208,0.120950323974082,1.037037037037037,1.0,2000372.2288333941,440,1000000.0,463,0.11663066954643629,410,0.13170731707317074,371,0.14555256064690028,329,0.1641337386018237,305,0.17704918032786884,286,0.1888111888111888,COCO-1k/YOLO
4,459,96,122,122,127,0.20915032679738563,0.2657952069716776,0.2657952069716776,0.2657952069716776,1.2708333333333335,1.0,280.1360282046606,378,1000000.0,459,0.20915032679738563,406,0.23645320197044334,363,0.2644628099173554,326,0.294478527607362,297,0.32323232323232326,268,0.3582089552238806,COCO-1k/YOLO
5,359,57,59,59,60,0.15877437325905291,0.16434540389972144,0.16434540389972144,0.1643454038997214,1.0350877192982455,1.0,2000474.1801787456,451,1000000.0,359,0.15877437325905291,332,0.1716867469879518,305,0.18688524590163935,280,0.20357142857142857,253,0.22529644268774704,234,0.24358974358974358,COCO-1k/YOLO
6,376,81,95,95,100,0.2154255319148936,0.2526595744680851,0.2526595744680851,0.2526595744680851,1.1728395061728396,1.0,531.3364302364137,686,1000000.0,376,0.2154255319148936,342,0.23684210526315788,306,0.2647058823529412,285,0.28421052631578947,264,0.3068181818181818,245,0.3306122448979592,COCO-1k/YOLO
7,409,40,40,40,42,0.097799511002445,0.097799511002445,0.097799511002445,0.097799511002445,1.0,1.0,3000332.417328891,297,1000000.0,409,0.097799511002445,367,0.10899182561307902,337,0.11869436201780416,304,0.13157894736842105,278,0.14388489208633093,258,0.15503875968992248,COCO-1k/YOLO
8,418,49,49,49,50,0.11722488038277512,0.11722488038277512,0.11722488038277512,0.1172248803827751,1.0,1.0,2000525.83416308,282,1000000.0,418,0.11722488038277512,377,0.129973474801061,334,0.1467065868263473,302,0.16225165562913907,286,0.17132867132867133,265,0.18490566037735848,COCO-1k/YOLO
9,415,66,71,71,74,0.15903614457831325,0.1710843373493976,0.1710843373493976,0.1710843373493976,1.075757575757576,1.0,3000286.765228249,277,1000000.0,415,0.15903614457831325,373,0.1769436997319035,340,0.19411764705882353,301,0.21926910299003322,274,0.24087591240875914,248,0.2661290322580645,COCO-1k/YOLO
10,456,37,37,37,37,0.08114035087719298,0.08114035087719298,0.08114035087719298,0.0811403508771929,1.0,1.0,2000490.1323397243,327,1000000.0,456,0.08114035087719298,415,0.0891566265060241,369,0.1002710027100271,340,0.10882352941176471,314,0.1178343949044586,287,0.1289198606271777,COCO-1k/YOLO
11,422,93,119,119,125,0.22037914691943128,0.28199052132701424,0.28199052132701424,0.2819905213270142,1.2795698924731185,1.0,384.521859983156,499,1000000.0,422,0.22037914691943128,383,0.24281984334203655,343,0.27113702623906705,306,0.30392156862745096,283,0.3286219081272085,261,0.3563218390804598,COCO-1k/YOLO
12,379,44,44,44,44,0.11609498680738786,0.11609498680738786,0.11609498680738786,0.1160949868073878,1.0,1.0,3000646.4794550147,688,1000000.0,379,0.11609498680738786,335,0.13134328358208955,302,0.1456953642384106,271,0.16236162361623616,254,0.1732283464566929,237,0.18565400843881857,COCO-1k/YOLO
13,339,39,39,39,41,0.11504424778761062,0.11504424778761062,0.11504424778761062,0.1150442477876106,1.0,1.0,1000424.6372876999,491,1000000.0,339,0.11504424778761062,300,0.13,264,0.14772727272727273,243,0.16049382716049382,229,0.1703056768558952,218,0.17889908256880735,COCO-1k/YOLO
14,349,50,50,50,51,0.14326647564469913,0.14326647564469913,0.14326647564469913,0.1432664756446991,1.0,1.0,1000304.5494935452,457,1000000.0,349,0.14326647564469913,315,0.15873015873015872,284,0.176056338028169,261,0.19157088122605365,236,0.211864406779661,202,0.24752475247524752,COCO-1k/YOLO
15,310,42,44,44,45,0.13548387096774195,0.14193548387096774,0.14193548387096774,0.1419354838709677,1.0476190476190474,1.0,3000299.7582141715,461,1000000.0,310,0.13548387096774195,283,0.14840989399293286,254,0.16535433070866143,235,0.17872340425531916,213,0.19718309859154928,192,0.21875,COCO-1k/YOLO
16,397,46,46,46,48,0.11586901763224182,0.11586901763224182,0.11586901763224182,0.1158690176322418,1.0,1.0,1000410.8472641393,503,1000000.0,397,0.11586901763224182,360,0.12777777777777777,323,0.14241486068111456,292,0.15753424657534246,267,0.17228464419475656,246,0.18699186991869918,COCO-1k/YOLO
17,390,73,85,85,87,0.18717948717948718,0.21794871794871795,0.21794871794871795,0.2179487179487179,1.1643835616438356,1.0,481.74557532673896,419,1000000.0,390,0.18717948717948718,346,0.21098265895953758,303,0.24092409240924093,277,0.26353790613718414,260,0.28076923076923077,229,0.31877729257641924,COCO-1k/YOLO
18,363,40,40,40,43,0.11019283746556474,0.11019283746556474,0.11019283746556474,0.1101928374655647,1.0,1.0,1000276.2687682528,469,1000000.0,363,0.11019283746556474,331,0.12084592145015106,301,0.132890365448505,278,0.14388489208633093,252,0.15873015873015872,225,0.17777777777777778,COCO-1k/YOLO
19,348,46,46,46,50,0.13218390804597702,0.13218390804597702,0.13218390804597702,0.132183908045977,1.0,1.0,1000198.2652536144,288,1000000.0,348,0.13218390804597702,309,0.1488673139158576,275,0.16727272727272727,251,0.18326693227091634,234,0.19658119658119658,217,0.2119815668202765,COCO-1k/YOLO
0,391,133,158,158,159,0.340153452685422,0.4040920716112532,0.4040920716112532,0.4040920716112532,1.1879699248120301,1.0,3000199.728939103,279,1000000.0,391,0.340153452685422,370,0.35945945945945945,353,0.37677053824362605,342,0.3888888888888889,335,0.3970149253731343,322,0.41304347826086957,VOC-1k/YOLO
1,404,153,162,162,164,0.3787128712871287,0.400990099009901,0.400990099009901,0.400990099009901,1.0588235294117647,1.0,2000186.938078185,321,1000000.0,404,0.3787128712871287,381,0.4015748031496063,364,0.42032967032967034,351,0.4358974358974359,343,0.446064139941691,332,0.4608433734939759,VOC-1k/YOLO
2,384,131,160,160,161,0.3411458333333333,0.4166666666666667,0.4166666666666667,0.4166666666666667,1.2213740458015268,1.0,4000163.0406060866,227,1000000.0,384,0.3411458333333333,366,0.35792349726775957,355,0.36901408450704226,338,0.3875739644970414,324,0.404320987654321,315,0.4158730158730159,VOC-1k/YOLO
3,376,159,164,164,167,0.4228723404255319,0.43617021276595747,0.43617021276595747,0.4361702127659574,1.0314465408805031,1.0,1000133.606124187,253,1000000.0,376,0.4228723404255319,357,0.44537815126050423,344,0.4622093023255814,336,0.4732142857142857,331,0.48036253776435045,317,0.501577287066246,VOC-1k/YOLO
4,350,140,147,147,148,0.4,0.42,0.42,0.42,1.0499999999999998,1.0,2000174.5106066875,255,1000000.0,350,0.4,334,0.41916167664670656,320,0.4375,307,0.4560260586319218,296,0.47297297297297297,283,0.49469964664310956,VOC-1k/YOLO
5,422,172,176,176,179,0.4075829383886256,0.41706161137440756,0.41706161137440756,0.4170616113744075,1.0232558139534884,1.0,1000132.7467768588,249,1000000.0,422,0.4075829383886256,396,0.43434343434343436,371,0.4636118598382749,358,0.48044692737430167,347,0.4956772334293948,330,0.5212121212121212,VOC-1k/YOLO
6,374,185,194,194,199,0.4946524064171123,0.5187165775401069,0.5187165775401069,0.5187165775401069,1.0486486486486486,1.0,170.32360659387223,245,1000000.0,374,0.4946524064171123,362,0.511049723756906,345,0.5362318840579711,337,0.5489614243323442,323,0.5727554179566563,313,0.5910543130990416,VOC-1k/YOLO
7,364,158,172,172,180,0.4340659340659341,0.4725274725274725,0.4725274725274725,0.4725274725274725,1.0886075949367089,1.0,151.1118903827061,228,1000000.0,364,0.4340659340659341,340,0.4647058823529412,330,0.47878787878787876,317,0.49842271293375395,304,0.5197368421052632,290,0.5448275862068965,VOC-1k/YOLO
8,399,142,162,162,165,0.3558897243107769,0.40601503759398494,0.40601503759398494,0.4060150375939849,1.1408450704225352,1.0,3000175.3535127603,241,1000000.0,399,0.3558897243107769,370,0.3837837837837838,350,0.4057142857142857,336,0.4226190476190476,327,0.43425076452599387,313,0.4536741214057508,VOC-1k/YOLO
9,405,150,150,150,151,0.37037037037037035,0.37037037037037035,0.37037037037037035,0.3703703703703703,1.0,1.0,1000170.9564820412,297,1000000.0,405,0.37037037037037035,378,0.3968253968253968,360,0.4166666666666667,346,0.43352601156069365,331,0.45317220543806647,309,0.4854368932038835,VOC-1k/YOLO
10,400,156,175,175,181,0.39,0.4375,0.4375,0.4375,1.1217948717948718,1.0,2000141.5735073057,234,1000000.0,400,0.39,373,0.41823056300268097,354,0.4406779661016949,345,0.45217391304347826,336,0.4642857142857143,317,0.4921135646687697,VOC-1k/YOLO
11,417,150,150,150,151,0.3597122302158273,0.3597122302158273,0.3597122302158273,0.3597122302158273,1.0,1.0,1000177.2398846613,245,1000000.0,417,0.3597122302158273,398,0.3768844221105528,374,0.40106951871657753,355,0.4225352112676056,339,0.4424778761061947,327,0.45871559633027525,VOC-1k/YOLO
12,383,122,155,155,156,0.3185378590078329,0.4046997389033943,0.4046997389033943,0.4046997389033943,1.2704918032786887,1.0,6000109.184823069,255,1000000.0,383,0.3185378590078329,361,0.3379501385041551,347,0.3515850144092219,331,0.3685800604229607,319,0.3824451410658307,305,0.4,VOC-1k/YOLO
13,422,174,179,179,183,0.41232227488151657,0.42417061611374407,0.42417061611374407,0.424170616113744,1.028735632183908,1.0,1000165.2265430214,213,1000000.0,422,0.41232227488151657,397,0.43828715365239296,376,0.4627659574468085,366,0.47540983606557374,351,0.49572649572649574,343,0.5072886297376094,VOC-1k/YOLO
14,424,137,144,144,146,0.3231132075471698,0.33962264150943394,0.33962264150943394,0.3396226415094339,1.0510948905109487,1.0,1000140.3316521401,229,1000000.0,424,0.3231132075471698,400,0.3425,380,0.3605263157894737,366,0.3743169398907104,350,0.3914285714285714,336,0.40773809523809523,VOC-1k/YOLO
15,368,143,160,160,161,0.38858695652173914,0.43478260869565216,0.43478260869565216,0.4347826086956521,1.1188811188811187,1.0,2000183.5478910569,256,1000000.0,368,0.38858695652173914,347,0.41210374639769454,330,0.43333333333333335,322,0.4440993788819876,310,0.4612903225806452,303,0.47194719471947194,VOC-1k/YOLO
16,370,122,130,130,130,0.32972972972972975,0.35135135135135137,0.35135135135135137,0.3513513513513513,1.0655737704918034,1.0,2000107.6374870436,241,1000000.0,370,0.32972972972972975,346,0.35260115606936415,326,0.37423312883435583,315,0.3873015873015873,299,0.4080267558528428,287,0.4250871080139373,VOC-1k/YOLO
17,380,139,148,148,150,0.36578947368421055,0.3894736842105263,0.3894736842105263,0.3894736842105263,1.0647482014388487,1.0,2000203.2695510061,231,1000000.0,380,0.36578947368421055,363,0.38292011019283745,349,0.3982808022922636,334,0.4161676646706587,322,0.43167701863354035,311,0.44694533762057875,VOC-1k/YOLO
18,340,116,118,118,118,0.3411764705882353,0.34705882352941175,0.34705882352941175,0.3470588235294117,1.0172413793103448,1.0,2000157.0223237076,258,1000000.0,340,0.3411764705882353,320,0.3625,303,0.38283828382838286,293,0.39590443686006827,281,0.4128113879003559,273,0.4249084249084249,VOC-1k/YOLO
19,414,163,177,177,178,0.39371980676328505,0.427536231884058,0.427536231884058,0.427536231884058,1.0858895705521472,1.0,130.22506259546594,238,1000000.0,414,0.39371980676328505,393,0.41475826972010177,378,0.4312169312169312,361,0.4515235457063712,350,0.4657142857142857,339,0.4808259587020649,VOC-1k/YOLO
