alpha,total_rejections,fp,tp,fdp,recall,threshold,seed,method
0.05,103,5,98,0.04854368932038835,0.21397379912663755,0.6495130658149719,0,score_oracle
0.1,198,19,179,0.09595959595959595,0.39082969432314413,0.4602603316307068,0,score_oracle
0.15,262,39,223,0.14885496183206107,0.4868995633187773,0.3827874660491943,0,score_oracle
0.2,310,62,248,0.2,0.5414847161572053,0.3374780714511871,0,score_oracle
0.05,82,4,78,0.04878048780487805,0.18886198547215496,0.7052940726280212,1,score_oracle
0.1,110,11,99,0.1,0.2397094430992736,0.656961977481842,1,score_oracle
0.15,129,19,110,0.14728682170542637,0.26634382566585957,0.6108260750770569,1,score_oracle
0.2,201,40,161,0.19900497512437812,0.3898305084745763,0.493072897195816,1,score_oracle
0.05,45,2,43,0.044444444444444446,0.08447937131630648,0.833737313747406,2,score_oracle
0.1,102,10,92,0.09803921568627451,0.1807465618860511,0.6925064921379089,2,score_oracle
0.15,208,31,177,0.14903846153846154,0.3477406679764244,0.4567925631999969,2,score_oracle
0.2,257,51,206,0.19844357976653695,0.40471512770137524,0.4031309187412262,2,score_oracle
0.05,54,2,52,0.037037037037037035,0.116331096196868,0.7975319623947144,3,score_oracle
0.1,170,17,153,0.1,0.3422818791946309,0.546288788318634,3,score_oracle
0.15,200,30,170,0.15,0.38031319910514544,0.4833429753780365,3,score_oracle
0.2,241,48,193,0.1991701244813278,0.4317673378076063,0.41191166639328,3,score_oracle
0.05,50,2,48,0.04,0.1023454157782516,0.8049883246421814,4,score_oracle
0.1,65,6,59,0.09230769230769231,0.1257995735607676,0.764512836933136,4,score_oracle
0.15,187,28,159,0.1497326203208556,0.3390191897654584,0.457392156124115,4,score_oracle
0.2,265,53,212,0.2,0.4520255863539446,0.3720462918281555,4,score_oracle
0.05,46,2,44,0.043478260869565216,0.11027568922305764,0.8047733902931213,5,score_oracle
0.1,130,13,117,0.1,0.2932330827067669,0.5845370888710022,5,score_oracle
0.15,200,30,170,0.15,0.42606516290726815,0.4180732369422912,5,score_oracle
0.2,243,48,195,0.19753086419753085,0.48872180451127817,0.3537369072437286,5,score_oracle
0.05,62,3,59,0.04838709677419355,0.14081145584725538,0.7679650187492371,6,score_oracle
0.1,75,7,68,0.09333333333333334,0.162291169451074,0.7046681642532349,6,score_oracle
0.15,108,16,92,0.14814814814814814,0.21957040572792363,0.6482097506523132,6,score_oracle
0.2,182,36,146,0.1978021978021978,0.34844868735083534,0.4930810928344726,6,score_oracle
0.05,41,2,39,0.04878048780487805,0.09466019417475728,0.8310231566429138,7,score_oracle
0.1,81,8,73,0.09876543209876543,0.17718446601941748,0.7283445596694946,7,score_oracle
0.15,207,31,176,0.1497584541062802,0.42718446601941745,0.4280590116977691,7,score_oracle
0.2,236,47,189,0.19915254237288135,0.4587378640776699,0.3850873112678528,7,score_oracle
0.05,41,2,39,0.04878048780487805,0.09198113207547169,0.8200963139533997,8,score_oracle
0.1,123,12,111,0.0975609756097561,0.2617924528301887,0.6348233819007874,8,score_oracle
0.15,224,33,191,0.14732142857142858,0.45047169811320753,0.4555609822273254,8,score_oracle
0.2,265,53,212,0.2,0.5,0.3756909668445587,8,score_oracle
0.05,81,4,77,0.04938271604938271,0.18872549019607843,0.7159000635147095,9,score_oracle
0.1,131,13,118,0.09923664122137404,0.28921568627450983,0.6066964268684387,9,score_oracle
0.15,208,31,177,0.14903846153846154,0.4338235294117647,0.4169361293315887,9,score_oracle
0.2,252,50,202,0.1984126984126984,0.4950980392156863,0.3596526086330414,9,score_oracle
0.05,40,2,38,0.05,0.10526315789473684,0.8360031843185425,10,score_oracle
0.1,51,5,46,0.09803921568627451,0.12742382271468145,0.807392954826355,10,score_oracle
0.15,120,18,102,0.15,0.28254847645429365,0.6602824330329895,10,score_oracle
0.2,210,42,168,0.2,0.46537396121883656,0.4198886752128601,10,score_oracle
0.05,81,4,77,0.04938271604938271,0.18160377358490565,0.6919611096382141,11,score_oracle
0.1,94,9,85,0.09574468085106383,0.20047169811320756,0.6542843580245972,11,score_oracle
0.15,135,20,115,0.14814814814814814,0.27122641509433965,0.5425488948822021,11,score_oracle
0.2,182,36,146,0.1978021978021978,0.3443396226415094,0.4547933042049408,11,score_oracle
0.05,65,3,62,0.046153846153846156,0.13656387665198239,0.778367280960083,12,score_oracle
0.1,131,13,118,0.09923664122137404,0.2599118942731278,0.6046276092529297,12,score_oracle
0.15,207,31,176,0.1497584541062802,0.3876651982378855,0.4567925631999969,12,score_oracle
0.2,236,47,189,0.19915254237288135,0.41629955947136565,0.4139990508556366,12,score_oracle
0.05,42,2,40,0.047619047619047616,0.10362694300518134,0.8365185260772705,13,score_oracle
0.1,66,6,60,0.09090909090909091,0.15544041450777202,0.7723128199577332,13,score_oracle
0.15,136,20,116,0.14705882352941177,0.3005181347150259,0.6118491291999817,13,score_oracle
0.2,196,39,157,0.1989795918367347,0.4067357512953368,0.4994862675666809,13,score_oracle
0.05,64,3,61,0.046875,0.1491442542787286,0.7650766372680664,14,score_oracle
0.1,174,17,157,0.09770114942528736,0.38386308068459657,0.4727502465248108,14,score_oracle
0.15,209,31,178,0.14832535885167464,0.4352078239608802,0.4334406852722168,14,score_oracle
0.2,248,49,199,0.1975806451612903,0.48655256723716384,0.3720462918281555,14,score_oracle
0.05,77,3,74,0.03896103896103896,0.15513626834381553,0.7247607707977295,15,score_oracle
0.1,90,9,81,0.1,0.16981132075471697,0.6860825419425964,15,score_oracle
0.15,208,31,177,0.14903846153846154,0.3710691823899371,0.4610749185085296,15,score_oracle
0.2,247,49,198,0.19838056680161945,0.41509433962264153,0.4054645895957947,15,score_oracle
0.05,102,5,97,0.049019607843137254,0.22769953051643194,0.6690848469734192,16,score_oracle
0.1,160,16,144,0.1,0.3380281690140845,0.5270443558692932,16,score_oracle
0.15,188,28,160,0.14893617021276595,0.3755868544600939,0.4744176864624023,16,score_oracle
0.2,238,47,191,0.19747899159663865,0.44835680751173707,0.4053351879119873,16,score_oracle
0.05,68,3,65,0.04411764705882353,0.14444444444444443,0.771742582321167,17,score_oracle
0.1,110,11,99,0.1,0.22,0.6803281307220459,17,score_oracle
0.15,198,29,169,0.14646464646464646,0.37555555555555553,0.4841733872890472,17,score_oracle
0.2,245,49,196,0.2,0.43555555555555553,0.4164989590644836,17,score_oracle
0.05,122,6,116,0.04918032786885246,0.2452431289640592,0.6308943033218384,18,score_oracle
0.1,176,17,159,0.09659090909090909,0.3361522198731501,0.4841733872890472,18,score_oracle
0.15,230,34,196,0.14782608695652175,0.4143763213530655,0.4053351879119873,18,score_oracle
0.2,272,54,218,0.19852941176470587,0.4608879492600423,0.3578158915042877,18,score_oracle
0.05,89,4,85,0.0449438202247191,0.19362186788154898,0.7047027349472046,19,score_oracle
0.1,142,14,128,0.09859154929577464,0.29157175398633256,0.6197577118873596,19,score_oracle
0.15,220,33,187,0.15,0.42596810933940776,0.4368873834609985,19,score_oracle
0.2,245,49,196,0.2,0.44646924829157175,0.3911658525466919,19,score_oracle
